sample-id,forward-absolute-filepath,reverse-absolute-filepath,Sample Name,SampleType,Total 16s rRNA copy per mL
6631-1-28FCombo,/home/data/gd2212/semen_16s_raw/semenProjectData/PTrimmed_V1MixedV2/6631-1-28FCombo_R1.fastq,./PTrimmed_V1MixedV2/6631-1-28FCombo_R2.fastq,LT001,Sample,6749.05853271484
6631-10-28FCombo,./PTrimmed_V1MixedV2/6631-10-28FCombo_R1.fastq,./PTrimmed_V1MixedV2/6631-10-28FCombo_R2.fastq,LT010,Sample,74571.3623046874
6631-100-28FCombo,./PTrimmed_V1MixedV2/6631-100-28FCombo_R1.fastq,./PTrimmed_V1MixedV2/6631-100-28FCombo_R2.fastq,LT100,Sample,44711.1694335938
6631-101-28FCombo,./PTrimmed_V1MixedV2/6631-101-28FCombo_R1.fastq,./PTrimmed_V1MixedV2/6631-101-28FCombo_R2.fastq,LT101,Sample,197130.993652344
6631-102-28FCombo,./PTrimmed_V1MixedV2/6631-102-28FCombo_R1.fastq,./PTrimmed_V1MixedV2/6631-102-28FCombo_R2.fastq,LT102,Sample,66771.435546875
6631-103-28FCombo,./PTrimmed_V1MixedV2/6631-103-28FCombo_R1.fastq,./PTrimmed_V1MixedV2/6631-103-28FCombo_R2.fastq,LT103,Sample,60341.7358398438
6631-104-28FCombo,./PTrimmed_V1MixedV2/6631-104-28FCombo_R1.fastq,./PTrimmed_V1MixedV2/6631-104-28FCombo_R2.fastq,LT104,Sample,5845.99723815918
6631-105-28FCombo,./PTrimmed_V1MixedV2/6631-105-28FCombo_R1.fastq,./PTrimmed_V1MixedV2/6631-105-28FCombo_R2.fastq,LT105,Sample,295812.59765625
6631-106-28FCombo,./PTrimmed_V1MixedV2/6631-106-28FCombo_R1.fastq,./PTrimmed_V1MixedV2/6631-106-28FCombo_R2.fastq,LT106,Sample,21473.5321044922
6631-107-28FCombo,./PTrimmed_V1MixedV2/6631-107-28FCombo_R1.fastq,./PTrimmed_V1MixedV2/6631-107-28FCombo_R2.fastq,LT107,Sample,4781.80923461914
6631-108-28FCombo,./PTrimmed_V1MixedV2/6631-108-28FCombo_R1.fastq,./PTrimmed_V1MixedV2/6631-108-28FCombo_R2.fastq,LT108,Sample,134299.365234375
6631-109-28FCombo,./PTrimmed_V1MixedV2/6631-109-28FCombo_R1.fastq,./PTrimmed_V1MixedV2/6631-109-28FCombo_R2.fastq,LT109,Sample,14154.0557861328
6631-11-28FCombo,./PTrimmed_V1MixedV2/6631-11-28FCombo_R1.fastq,./PTrimmed_V1MixedV2/6631-11-28FCombo_R2.fastq,LT011,Sample,5915.69023132324
6631-110-28FCombo,./PTrimmed_V1MixedV2/6631-110-28FCombo_R1.fastq,./PTrimmed_V1MixedV2/6631-110-28FCombo_R2.fastq,LT110,Sample,1963.23051452637
6631-111-28FCombo,./PTrimmed_V1MixedV2/6631-111-28FCombo_R1.fastq,./PTrimmed_V1MixedV2/6631-111-28FCombo_R2.fastq,LT111,Sample,34791.4367675782
6631-112-28FCombo,./PTrimmed_V1MixedV2/6631-112-28FCombo_R1.fastq,./PTrimmed_V1MixedV2/6631-112-28FCombo_R2.fastq,LT112,Sample,60752.4047851562
6631-113-28FCombo,./PTrimmed_V1MixedV2/6631-113-28FCombo_R1.fastq,./PTrimmed_V1MixedV2/6631-113-28FCombo_R2.fastq,LT113,Sample,1804.80499267578
6631-114-28FCombo,./PTrimmed_V1MixedV2/6631-114-28FCombo_R1.fastq,./PTrimmed_V1MixedV2/6631-114-28FCombo_R2.fastq,LT114,Sample,496903.7109375
6631-115-28FCombo,./PTrimmed_V1MixedV2/6631-115-28FCombo_R1.fastq,./PTrimmed_V1MixedV2/6631-115-28FCombo_R2.fastq,LT115,Sample,13341.7602539063
6631-116-28FCombo,./PTrimmed_V1MixedV2/6631-116-28FCombo_R1.fastq,./PTrimmed_V1MixedV2/6631-116-28FCombo_R2.fastq,LT116,Sample,2473.04668426514
6631-117-28FCombo,./PTrimmed_V1MixedV2/6631-117-28FCombo_R1.fastq,./PTrimmed_V1MixedV2/6631-117-28FCombo_R2.fastq,LT117,Sample,9462.99285888672
6631-118-28FCombo,./PTrimmed_V1MixedV2/6631-118-28FCombo_R1.fastq,./PTrimmed_V1MixedV2/6631-118-28FCombo_R2.fastq,LT118,Sample,8212.4496459961
6631-119-28FCombo,./PTrimmed_V1MixedV2/6631-119-28FCombo_R1.fastq,./PTrimmed_V1MixedV2/6631-119-28FCombo_R2.fastq,LT119,Sample,24139.697265625
6631-12-28FCombo,./PTrimmed_V1MixedV2/6631-12-28FCombo_R1.fastq,./PTrimmed_V1MixedV2/6631-12-28FCombo_R2.fastq,LT012,Sample,1210815.8203125
6631-120-28FCombo,./PTrimmed_V1MixedV2/6631-120-28FCombo_R1.fastq,./PTrimmed_V1MixedV2/6631-120-28FCombo_R2.fastq,LT120,Sample,2233.30879211426
6631-121-28FCombo,./PTrimmed_V1MixedV2/6631-121-28FCombo_R1.fastq,./PTrimmed_V1MixedV2/6631-121-28FCombo_R2.fastq,LT121,Sample,25886.6516113282
6631-122-28FCombo,./PTrimmed_V1MixedV2/6631-122-28FCombo_R1.fastq,./PTrimmed_V1MixedV2/6631-122-28FCombo_R2.fastq,LT122,Sample,10232.0785522461
6631-123-28FCombo,./PTrimmed_V1MixedV2/6631-123-28FCombo_R1.fastq,./PTrimmed_V1MixedV2/6631-123-28FCombo_R2.fastq,LT123,Sample,913.297080993652
6631-124-28FCombo,./PTrimmed_V1MixedV2/6631-124-28FCombo_R1.fastq,./PTrimmed_V1MixedV2/6631-124-28FCombo_R2.fastq,LT124,Sample,1336.89994812012
6631-125-28FCombo,./PTrimmed_V1MixedV2/6631-125-28FCombo_R1.fastq,./PTrimmed_V1MixedV2/6631-125-28FCombo_R2.fastq,LT125,Sample,8921.71478271484
6631-126-28FCombo,./PTrimmed_V1MixedV2/6631-126-28FCombo_R1.fastq,./PTrimmed_V1MixedV2/6631-126-28FCombo_R2.fastq,LT126,Sample,1460879.6875
6631-127-28FCombo,./PTrimmed_V1MixedV2/6631-127-28FCombo_R1.fastq,./PTrimmed_V1MixedV2/6631-127-28FCombo_R2.fastq,LT127,Sample,24603.7048339844
6631-128-28FCombo,./PTrimmed_V1MixedV2/6631-128-28FCombo_R1.fastq,./PTrimmed_V1MixedV2/6631-128-28FCombo_R2.fastq,LT128,Sample,2426.20315551758
6631-129-28FCombo,./PTrimmed_V1MixedV2/6631-129-28FCombo_R1.fastq,./PTrimmed_V1MixedV2/6631-129-28FCombo_R2.fastq,LT129,Sample,224633.935546876
6631-13-28FCombo,./PTrimmed_V1MixedV2/6631-13-28FCombo_R1.fastq,./PTrimmed_V1MixedV2/6631-13-28FCombo_R2.fastq,LT013,Sample,2383.70552062988
6631-130-28FCombo,./PTrimmed_V1MixedV2/6631-130-28FCombo_R1.fastq,./PTrimmed_V1MixedV2/6631-130-28FCombo_R2.fastq,LT130,Sample,1255.31520843506
6631-131-28FCombo,./PTrimmed_V1MixedV2/6631-131-28FCombo_R1.fastq,./PTrimmed_V1MixedV2/6631-131-28FCombo_R2.fastq,LT131,Sample,14425.6683349609
6631-132-28FCombo,./PTrimmed_V1MixedV2/6631-132-28FCombo_R1.fastq,./PTrimmed_V1MixedV2/6631-132-28FCombo_R2.fastq,LT132,Sample,2142.21572875976
6631-133-28FCombo,./PTrimmed_V1MixedV2/6631-133-28FCombo_R1.fastq,./PTrimmed_V1MixedV2/6631-133-28FCombo_R2.fastq,LT133,Sample,3557.61032104492
6631-134-28FCombo,./PTrimmed_V1MixedV2/6631-134-28FCombo_R1.fastq,./PTrimmed_V1MixedV2/6631-134-28FCombo_R2.fastq,LT134,Sample,902.285099029542
6631-135-28FCombo,./PTrimmed_V1MixedV2/6631-135-28FCombo_R1.fastq,./PTrimmed_V1MixedV2/6631-135-28FCombo_R2.fastq,LT135,Sample,28222743.75
6631-136-28FCombo,./PTrimmed_V1MixedV2/6631-136-28FCombo_R1.fastq,./PTrimmed_V1MixedV2/6631-136-28FCombo_R2.fastq,LT136,Sample,453.185653686524
6631-137-28FCombo,./PTrimmed_V1MixedV2/6631-137-28FCombo_R1.fastq,./PTrimmed_V1MixedV2/6631-137-28FCombo_R2.fastq,LT137,Sample,8206.37817382812
6631-138-28FCombo,./PTrimmed_V1MixedV2/6631-138-28FCombo_R1.fastq,./PTrimmed_V1MixedV2/6631-138-28FCombo_R2.fastq,LT138,Sample,624115.52734375
6631-139-28FCombo,./PTrimmed_V1MixedV2/6631-139-28FCombo_R1.fastq,./PTrimmed_V1MixedV2/6631-139-28FCombo_R2.fastq,LT139,Sample,1141.30420684814
6631-14-28FCombo,./PTrimmed_V1MixedV2/6631-14-28FCombo_R1.fastq,./PTrimmed_V1MixedV2/6631-14-28FCombo_R2.fastq,LT014,Sample,11180.3298950195
6631-141-28FCombo,./PTrimmed_V1MixedV2/6631-141-28FCombo_R1.fastq,./PTrimmed_V1MixedV2/6631-141-28FCombo_R2.fastq,LT141,Sample,16567.1600341797
6631-142-28FCombo,./PTrimmed_V1MixedV2/6631-142-28FCombo_R1.fastq,./PTrimmed_V1MixedV2/6631-142-28FCombo_R2.fastq,LT142,Sample,827.6780128479
6631-143-28FCombo,./PTrimmed_V1MixedV2/6631-143-28FCombo_R1.fastq,./PTrimmed_V1MixedV2/6631-143-28FCombo_R2.fastq,LT143,Sample,55787.8784179688
6631-144-28FCombo,./PTrimmed_V1MixedV2/6631-144-28FCombo_R1.fastq,./PTrimmed_V1MixedV2/6631-144-28FCombo_R2.fastq,LT144,Sample,4798.36807250976
6631-145-28FCombo,./PTrimmed_V1MixedV2/6631-145-28FCombo_R1.fastq,./PTrimmed_V1MixedV2/6631-145-28FCombo_R2.fastq,LT145,Sample,1330.33103942871
6631-146-28FCombo,./PTrimmed_V1MixedV2/6631-146-28FCombo_R1.fastq,./PTrimmed_V1MixedV2/6631-146-28FCombo_R2.fastq,LT146,Sample,3110.7385635376
6631-147-28FCombo,./PTrimmed_V1MixedV2/6631-147-28FCombo_R1.fastq,./PTrimmed_V1MixedV2/6631-147-28FCombo_R2.fastq,LT147,Sample,776.8807888031
6631-148-28FCombo,./PTrimmed_V1MixedV2/6631-148-28FCombo_R1.fastq,./PTrimmed_V1MixedV2/6631-148-28FCombo_R2.fastq,LT148,Sample,26164.35546875
6631-149-28FCombo,./PTrimmed_V1MixedV2/6631-149-28FCombo_R1.fastq,./PTrimmed_V1MixedV2/6631-149-28FCombo_R2.fastq,LT149,Sample,30613.1408691406
6631-15-28FCombo,./PTrimmed_V1MixedV2/6631-15-28FCombo_R1.fastq,./PTrimmed_V1MixedV2/6631-15-28FCombo_R2.fastq,LT015,Sample,19667.2485351563
6631-150-28FCombo,./PTrimmed_V1MixedV2/6631-150-28FCombo_R1.fastq,./PTrimmed_V1MixedV2/6631-150-28FCombo_R2.fastq,LT150,Sample,37252.0050048828
6631-151-28FCombo,./PTrimmed_V1MixedV2/6631-151-28FCombo_R1.fastq,./PTrimmed_V1MixedV2/6631-151-28FCombo_R2.fastq,LT151,Sample,44702.017211914
6631-152-28FCombo,./PTrimmed_V1MixedV2/6631-152-28FCombo_R1.fastq,./PTrimmed_V1MixedV2/6631-152-28FCombo_R2.fastq,LT152,Sample,393296.435546876
6631-153-28FCombo,./PTrimmed_V1MixedV2/6631-153-28FCombo_R1.fastq,./PTrimmed_V1MixedV2/6631-153-28FCombo_R2.fastq,LT153,Sample,22958.024597168
6631-154-28FCombo,./PTrimmed_V1MixedV2/6631-154-28FCombo_R1.fastq,./PTrimmed_V1MixedV2/6631-154-28FCombo_R2.fastq,LT154,Sample,36312.368774414
6631-155-28FCombo,./PTrimmed_V1MixedV2/6631-155-28FCombo_R1.fastq,./PTrimmed_V1MixedV2/6631-155-28FCombo_R2.fastq,LT155,Sample,1125.14171600342
6631-156-28FCombo,./PTrimmed_V1MixedV2/6631-156-28FCombo_R1.fastq,./PTrimmed_V1MixedV2/6631-156-28FCombo_R2.fastq,LT156,Sample,18182.7728271484
6631-157-28FCombo,./PTrimmed_V1MixedV2/6631-157-28FCombo_R1.fastq,./PTrimmed_V1MixedV2/6631-157-28FCombo_R2.fastq,LT157,Sample,767910.400390626
6631-158-28FCombo,./PTrimmed_V1MixedV2/6631-158-28FCombo_R1.fastq,./PTrimmed_V1MixedV2/6631-158-28FCombo_R2.fastq,LT158,Sample,21963.5330200196
6631-159-28FCombo,./PTrimmed_V1MixedV2/6631-159-28FCombo_R1.fastq,./PTrimmed_V1MixedV2/6631-159-28FCombo_R2.fastq,LT159,Sample,5244.12460327148
6631-16-28FCombo,./PTrimmed_V1MixedV2/6631-16-28FCombo_R1.fastq,./PTrimmed_V1MixedV2/6631-16-28FCombo_R2.fastq,LT016,Sample,71683.6059570312
6631-160-28FCombo,./PTrimmed_V1MixedV2/6631-160-28FCombo_R1.fastq,./PTrimmed_V1MixedV2/6631-160-28FCombo_R2.fastq,LT160,Sample,16802.7328491211
6631-161-28FCombo,./PTrimmed_V1MixedV2/6631-161-28FCombo_R1.fastq,./PTrimmed_V1MixedV2/6631-161-28FCombo_R2.fastq,LT161,Sample,359.537267684936
6631-162-28FCombo,./PTrimmed_V1MixedV2/6631-162-28FCombo_R1.fastq,./PTrimmed_V1MixedV2/6631-162-28FCombo_R2.fastq,LT162,Sample,49323.5748291016
6631-163-28FCombo,./PTrimmed_V1MixedV2/6631-163-28FCombo_R1.fastq,./PTrimmed_V1MixedV2/6631-163-28FCombo_R2.fastq,LT163,Sample,6769.86694335938
6631-164-28FCombo,./PTrimmed_V1MixedV2/6631-164-28FCombo_R1.fastq,./PTrimmed_V1MixedV2/6631-164-28FCombo_R2.fastq,LT164,Sample,66973.1079101562
6631-165-28FCombo,./PTrimmed_V1MixedV2/6631-165-28FCombo_R1.fastq,./PTrimmed_V1MixedV2/6631-165-28FCombo_R2.fastq,LT165,Sample,64650.3173828124
6631-166-28FCombo,./PTrimmed_V1MixedV2/6631-166-28FCombo_R1.fastq,./PTrimmed_V1MixedV2/6631-166-28FCombo_R2.fastq,LT166,Sample,1118.48640441895
6631-167-28FCombo,./PTrimmed_V1MixedV2/6631-167-28FCombo_R1.fastq,./PTrimmed_V1MixedV2/6631-167-28FCombo_R2.fastq,LT167,Sample,240959.47265625
6631-168-28FCombo,./PTrimmed_V1MixedV2/6631-168-28FCombo_R1.fastq,./PTrimmed_V1MixedV2/6631-168-28FCombo_R2.fastq,LT168,Sample,14421.3180541992
6631-169-28FCombo,./PTrimmed_V1MixedV2/6631-169-28FCombo_R1.fastq,./PTrimmed_V1MixedV2/6631-169-28FCombo_R2.fastq,LT169,Sample,811.269569396972
6631-17-28FCombo,./PTrimmed_V1MixedV2/6631-17-28FCombo_R1.fastq,./PTrimmed_V1MixedV2/6631-17-28FCombo_R2.fastq,LT017,Sample,172987.182617188
6631-170-28FCombo,./PTrimmed_V1MixedV2/6631-170-28FCombo_R1.fastq,./PTrimmed_V1MixedV2/6631-170-28FCombo_R2.fastq,LT170,Sample,1132.48910903931
6631-171-28FCombo,./PTrimmed_V1MixedV2/6631-171-28FCombo_R1.fastq,./PTrimmed_V1MixedV2/6631-171-28FCombo_R2.fastq,LT171,Sample,18676.6815185547
6631-172-28FCombo,./PTrimmed_V1MixedV2/6631-172-28FCombo_R1.fastq,./PTrimmed_V1MixedV2/6631-172-28FCombo_R2.fastq,LT172,Sample,30422.4060058594
6631-173-28FCombo,./PTrimmed_V1MixedV2/6631-173-28FCombo_R1.fastq,./PTrimmed_V1MixedV2/6631-173-28FCombo_R2.fastq,LT173,Sample,5355.92460632324
6631-174-28FCombo,./PTrimmed_V1MixedV2/6631-174-28FCombo_R1.fastq,./PTrimmed_V1MixedV2/6631-174-28FCombo_R2.fastq,LT174,Sample,11010.4705810547
6631-175-28FCombo,./PTrimmed_V1MixedV2/6631-175-28FCombo_R1.fastq,./PTrimmed_V1MixedV2/6631-175-28FCombo_R2.fastq,LT175,Sample,2561.62357330322
6631-176-28FCombo,./PTrimmed_V1MixedV2/6631-176-28FCombo_R1.fastq,./PTrimmed_V1MixedV2/6631-176-28FCombo_R2.fastq,LT176,Sample,62254.00390625
6631-177-28FCombo,./PTrimmed_V1MixedV2/6631-177-28FCombo_R1.fastq,./PTrimmed_V1MixedV2/6631-177-28FCombo_R2.fastq,LT177,Sample,1997.9679107666
6631-178-28FCombo,./PTrimmed_V1MixedV2/6631-178-28FCombo_R1.fastq,./PTrimmed_V1MixedV2/6631-178-28FCombo_R2.fastq,LT178,Sample,46194.53125
6631-179-28FCombo,./PTrimmed_V1MixedV2/6631-179-28FCombo_R1.fastq,./PTrimmed_V1MixedV2/6631-179-28FCombo_R2.fastq,LT179,Sample,14455.7586669922
6631-18-28FCombo,./PTrimmed_V1MixedV2/6631-18-28FCombo_R1.fastq,./PTrimmed_V1MixedV2/6631-18-28FCombo_R2.fastq,LT018,Sample,18802278.125
6631-180-28FCombo,./PTrimmed_V1MixedV2/6631-180-28FCombo_R1.fastq,./PTrimmed_V1MixedV2/6631-180-28FCombo_R2.fastq,LT180,Sample,1230.33657073975
6631-181-28FCombo,./PTrimmed_V1MixedV2/6631-181-28FCombo_R1.fastq,./PTrimmed_V1MixedV2/6631-181-28FCombo_R2.fastq,LT181,Sample,19836.8011474609
6631-182-28FCombo,./PTrimmed_V1MixedV2/6631-182-28FCombo_R1.fastq,./PTrimmed_V1MixedV2/6631-182-28FCombo_R2.fastq,LT182,Sample,74081.6345214844
6631-183-28FCombo,./PTrimmed_V1MixedV2/6631-183-28FCombo_R1.fastq,./PTrimmed_V1MixedV2/6631-183-28FCombo_R2.fastq,LT183,Sample,403290.91796875
6631-184-28FCombo,./PTrimmed_V1MixedV2/6631-184-28FCombo_R1.fastq,./PTrimmed_V1MixedV2/6631-184-28FCombo_R2.fastq,LT184,Sample,2811.5484237671
6631-185-28FCombo,./PTrimmed_V1MixedV2/6631-185-28FCombo_R1.fastq,./PTrimmed_V1MixedV2/6631-185-28FCombo_R2.fastq,LT185,Sample,787583.642578124
6631-186-28FCombo,./PTrimmed_V1MixedV2/6631-186-28FCombo_R1.fastq,./PTrimmed_V1MixedV2/6631-186-28FCombo_R2.fastq,LT186,Sample,564971.2890625
6631-187-28FCombo,./PTrimmed_V1MixedV2/6631-187-28FCombo_R1.fastq,./PTrimmed_V1MixedV2/6631-187-28FCombo_R2.fastq,LT187,Sample,1919402.734375
6631-188-28FCombo,./PTrimmed_V1MixedV2/6631-188-28FCombo_R1.fastq,./PTrimmed_V1MixedV2/6631-188-28FCombo_R2.fastq,LT188,Sample,14018.7164306641
6631-189-28FCombo,./PTrimmed_V1MixedV2/6631-189-28FCombo_R1.fastq,./PTrimmed_V1MixedV2/6631-189-28FCombo_R2.fastq,LT189,Sample,5253.84788513184
6631-19-28FCombo,./PTrimmed_V1MixedV2/6631-19-28FCombo_R1.fastq,./PTrimmed_V1MixedV2/6631-19-28FCombo_R2.fastq,LT019,Sample,2331.7663192749
6631-2-28FCombo,./PTrimmed_V1MixedV2/6631-2-28FCombo_R1.fastq,./PTrimmed_V1MixedV2/6631-2-28FCombo_R2.fastq,LT002,Sample,143906.958007813
6631-20-28FCombo,./PTrimmed_V1MixedV2/6631-20-28FCombo_R1.fastq,./PTrimmed_V1MixedV2/6631-20-28FCombo_R2.fastq,LT020,Sample,144949.755859375
6631-22-28FCombo,./PTrimmed_V1MixedV2/6631-22-28FCombo_R1.fastq,./PTrimmed_V1MixedV2/6631-22-28FCombo_R2.fastq,LT022,Sample,14576.1215209961
6631-23-28FCombo,./PTrimmed_V1MixedV2/6631-23-28FCombo_R1.fastq,./PTrimmed_V1MixedV2/6631-23-28FCombo_R2.fastq,LT023,Sample,44209.4543457032
6631-24-28FCombo,./PTrimmed_V1MixedV2/6631-24-28FCombo_R1.fastq,./PTrimmed_V1MixedV2/6631-24-28FCombo_R2.fastq,LT024,Sample,8683.11767578126
6631-25-28FCombo,./PTrimmed_V1MixedV2/6631-25-28FCombo_R1.fastq,./PTrimmed_V1MixedV2/6631-25-28FCombo_R2.fastq,LT025,Sample,8495.37506103516
6631-26-28FCombo,./PTrimmed_V1MixedV2/6631-26-28FCombo_R1.fastq,./PTrimmed_V1MixedV2/6631-26-28FCombo_R2.fastq,LT026,Sample,109205.46875
6631-27-28FCombo,./PTrimmed_V1MixedV2/6631-27-28FCombo_R1.fastq,./PTrimmed_V1MixedV2/6631-27-28FCombo_R2.fastq,LT027,Sample,11718.6767578125
6631-28-28FCombo,./PTrimmed_V1MixedV2/6631-28-28FCombo_R1.fastq,./PTrimmed_V1MixedV2/6631-28-28FCombo_R2.fastq,LT028,Sample,6367.4114227295
6631-29-28FCombo,./PTrimmed_V1MixedV2/6631-29-28FCombo_R1.fastq,./PTrimmed_V1MixedV2/6631-29-28FCombo_R2.fastq,LT029,Sample,79602.44140625
6631-3-28FCombo,./PTrimmed_V1MixedV2/6631-3-28FCombo_R1.fastq,./PTrimmed_V1MixedV2/6631-3-28FCombo_R2.fastq,LT003,Sample,36654.7088623046
6631-30-28FCombo,./PTrimmed_V1MixedV2/6631-30-28FCombo_R1.fastq,./PTrimmed_V1MixedV2/6631-30-28FCombo_R2.fastq,LT030,Sample,10799.4094848633
6631-31-28FCombo,./PTrimmed_V1MixedV2/6631-31-28FCombo_R1.fastq,./PTrimmed_V1MixedV2/6631-31-28FCombo_R2.fastq,LT031,Sample,16463.6825561523
6631-32-28FCombo,./PTrimmed_V1MixedV2/6631-32-28FCombo_R1.fastq,./PTrimmed_V1MixedV2/6631-32-28FCombo_R2.fastq,LT032,Sample,572108.203125
6631-33-28FCombo,./PTrimmed_V1MixedV2/6631-33-28FCombo_R1.fastq,./PTrimmed_V1MixedV2/6631-33-28FCombo_R2.fastq,LT033,Sample,18806.9122314453
6631-34-28FCombo,./PTrimmed_V1MixedV2/6631-34-28FCombo_R1.fastq,./PTrimmed_V1MixedV2/6631-34-28FCombo_R2.fastq,LT034,Sample,337028.344726562
6631-35-28FCombo,./PTrimmed_V1MixedV2/6631-35-28FCombo_R1.fastq,./PTrimmed_V1MixedV2/6631-35-28FCombo_R2.fastq,LT035,Sample,8639.4905090332
6631-36-28FCombo,./PTrimmed_V1MixedV2/6631-36-28FCombo_R1.fastq,./PTrimmed_V1MixedV2/6631-36-28FCombo_R2.fastq,LT036,Sample,204945.581054688
6631-37-28FCombo,./PTrimmed_V1MixedV2/6631-37-28FCombo_R1.fastq,./PTrimmed_V1MixedV2/6631-37-28FCombo_R2.fastq,LT037,Sample,11485.7711791992
6631-38-28FCombo,./PTrimmed_V1MixedV2/6631-38-28FCombo_R1.fastq,./PTrimmed_V1MixedV2/6631-38-28FCombo_R2.fastq,LT038,Sample,260781.420898438
6631-39-28FCombo,./PTrimmed_V1MixedV2/6631-39-28FCombo_R1.fastq,./PTrimmed_V1MixedV2/6631-39-28FCombo_R2.fastq,LT039,Sample,474539.453125
6631-4-28FCombo,./PTrimmed_V1MixedV2/6631-4-28FCombo_R1.fastq,./PTrimmed_V1MixedV2/6631-4-28FCombo_R2.fastq,LT004,Sample,9509.95483398438
6631-40-28FCombo,./PTrimmed_V1MixedV2/6631-40-28FCombo_R1.fastq,./PTrimmed_V1MixedV2/6631-40-28FCombo_R2.fastq,LT040,Sample,24416.9708251954
6631-41-28FCombo,./PTrimmed_V1MixedV2/6631-41-28FCombo_R1.fastq,./PTrimmed_V1MixedV2/6631-41-28FCombo_R2.fastq,LT041,Sample,194056.518554688
6631-42-28FCombo,./PTrimmed_V1MixedV2/6631-42-28FCombo_R1.fastq,./PTrimmed_V1MixedV2/6631-42-28FCombo_R2.fastq,LT042,Sample,18442.67578125
6631-43-28FCombo,./PTrimmed_V1MixedV2/6631-43-28FCombo_R1.fastq,./PTrimmed_V1MixedV2/6631-43-28FCombo_R2.fastq,LT043,Sample,31754.1748046876
6631-44-28FCombo,./PTrimmed_V1MixedV2/6631-44-28FCombo_R1.fastq,./PTrimmed_V1MixedV2/6631-44-28FCombo_R2.fastq,LT044,Sample,9801.33438110352
6631-45-28FCombo,./PTrimmed_V1MixedV2/6631-45-28FCombo_R1.fastq,./PTrimmed_V1MixedV2/6631-45-28FCombo_R2.fastq,LT045,Sample,15201.203918457
6631-46-28FCombo,./PTrimmed_V1MixedV2/6631-46-28FCombo_R1.fastq,./PTrimmed_V1MixedV2/6631-46-28FCombo_R2.fastq,LT046,Sample,19346.6094970703
6631-47-28FCombo,./PTrimmed_V1MixedV2/6631-47-28FCombo_R1.fastq,./PTrimmed_V1MixedV2/6631-47-28FCombo_R2.fastq,LT047,Sample,355214.0625
6631-48-28FCombo,./PTrimmed_V1MixedV2/6631-48-28FCombo_R1.fastq,./PTrimmed_V1MixedV2/6631-48-28FCombo_R2.fastq,LT048,Sample,3555.38673400878
6631-49-28FCombo,./PTrimmed_V1MixedV2/6631-49-28FCombo_R1.fastq,./PTrimmed_V1MixedV2/6631-49-28FCombo_R2.fastq,LT049,Sample,19242.0211791992
6631-5-28FCombo,./PTrimmed_V1MixedV2/6631-5-28FCombo_R1.fastq,./PTrimmed_V1MixedV2/6631-5-28FCombo_R2.fastq,LT005,Sample,10672.834777832
6631-50-28FCombo,./PTrimmed_V1MixedV2/6631-50-28FCombo_R1.fastq,./PTrimmed_V1MixedV2/6631-50-28FCombo_R2.fastq,LT050,Sample,66495.2270507812
6631-51-28FCombo,./PTrimmed_V1MixedV2/6631-51-28FCombo_R1.fastq,./PTrimmed_V1MixedV2/6631-51-28FCombo_R2.fastq,LT051,Sample,67429.0954589844
6631-52-28FCombo,./PTrimmed_V1MixedV2/6631-52-28FCombo_R1.fastq,./PTrimmed_V1MixedV2/6631-52-28FCombo_R2.fastq,LT052,Sample,61609.1674804688
6631-53-28FCombo,./PTrimmed_V1MixedV2/6631-53-28FCombo_R1.fastq,./PTrimmed_V1MixedV2/6631-53-28FCombo_R2.fastq,LT053,Sample,188042.431640625
6631-54-28FCombo,./PTrimmed_V1MixedV2/6631-54-28FCombo_R1.fastq,./PTrimmed_V1MixedV2/6631-54-28FCombo_R2.fastq,LT054,Sample,211805.17578125
6631-55-28FCombo,./PTrimmed_V1MixedV2/6631-55-28FCombo_R1.fastq,./PTrimmed_V1MixedV2/6631-55-28FCombo_R2.fastq,LT055,Sample,234431.762695312
6631-57-28FCombo,./PTrimmed_V1MixedV2/6631-57-28FCombo_R1.fastq,./PTrimmed_V1MixedV2/6631-57-28FCombo_R2.fastq,LT057,Sample,31116.2231445312
6631-58-28FCombo,./PTrimmed_V1MixedV2/6631-58-28FCombo_R1.fastq,./PTrimmed_V1MixedV2/6631-58-28FCombo_R2.fastq,LT058,Sample,43188.6413574218
6631-59-28FCombo,./PTrimmed_V1MixedV2/6631-59-28FCombo_R1.fastq,./PTrimmed_V1MixedV2/6631-59-28FCombo_R2.fastq,LT059,Sample,3461.0855102539
6631-60-28FCombo,./PTrimmed_V1MixedV2/6631-60-28FCombo_R1.fastq,./PTrimmed_V1MixedV2/6631-60-28FCombo_R2.fastq,LT060,Sample,214316.821289062
6631-61-28FCombo,./PTrimmed_V1MixedV2/6631-61-28FCombo_R1.fastq,./PTrimmed_V1MixedV2/6631-61-28FCombo_R2.fastq,LT061,Sample,160231.372070313
6631-62-28FCombo,./PTrimmed_V1MixedV2/6631-62-28FCombo_R1.fastq,./PTrimmed_V1MixedV2/6631-62-28FCombo_R2.fastq,LT062,Sample,1115634.1796875
6631-63-28FCombo,./PTrimmed_V1MixedV2/6631-63-28FCombo_R1.fastq,./PTrimmed_V1MixedV2/6631-63-28FCombo_R2.fastq,LT063,Sample,57761.23046875
6631-64-28FCombo,./PTrimmed_V1MixedV2/6631-64-28FCombo_R1.fastq,./PTrimmed_V1MixedV2/6631-64-28FCombo_R2.fastq,LT064,Sample,29889.2822265626
6631-65-28FCombo,./PTrimmed_V1MixedV2/6631-65-28FCombo_R1.fastq,./PTrimmed_V1MixedV2/6631-65-28FCombo_R2.fastq,LT065,Sample,157867.28515625
6631-66-28FCombo,./PTrimmed_V1MixedV2/6631-66-28FCombo_R1.fastq,./PTrimmed_V1MixedV2/6631-66-28FCombo_R2.fastq,LT066,Sample,1781976.171875
6631-67-28FCombo,./PTrimmed_V1MixedV2/6631-67-28FCombo_R1.fastq,./PTrimmed_V1MixedV2/6631-67-28FCombo_R2.fastq,LT067,Sample,103621.276855469
6631-68-28FCombo,./PTrimmed_V1MixedV2/6631-68-28FCombo_R1.fastq,./PTrimmed_V1MixedV2/6631-68-28FCombo_R2.fastq,LT068,Sample,1211202.734375
6631-69-28FCombo,./PTrimmed_V1MixedV2/6631-69-28FCombo_R1.fastq,./PTrimmed_V1MixedV2/6631-69-28FCombo_R2.fastq,LT069,Sample,16092385.9375
6631-7-28FCombo,./PTrimmed_V1MixedV2/6631-7-28FCombo_R1.fastq,./PTrimmed_V1MixedV2/6631-7-28FCombo_R2.fastq,LT007,Sample,10137.6319885254
6631-70-28FCombo,./PTrimmed_V1MixedV2/6631-70-28FCombo_R1.fastq,./PTrimmed_V1MixedV2/6631-70-28FCombo_R2.fastq,LT070,Sample,7978.01513671874
6631-71-28FCombo,./PTrimmed_V1MixedV2/6631-71-28FCombo_R1.fastq,./PTrimmed_V1MixedV2/6631-71-28FCombo_R2.fastq,LT071,Sample,23794.3176269532
6631-72-28FCombo,./PTrimmed_V1MixedV2/6631-72-28FCombo_R1.fastq,./PTrimmed_V1MixedV2/6631-72-28FCombo_R2.fastq,LT072,Sample,73427.1362304688
6631-73-28FCombo,./PTrimmed_V1MixedV2/6631-73-28FCombo_R1.fastq,./PTrimmed_V1MixedV2/6631-73-28FCombo_R2.fastq,LT073,Sample,12486.4227294922
6631-74-28FCombo,./PTrimmed_V1MixedV2/6631-74-28FCombo_R1.fastq,./PTrimmed_V1MixedV2/6631-74-28FCombo_R2.fastq,LT074,Sample,184675.341796875
6631-75-28FCombo,./PTrimmed_V1MixedV2/6631-75-28FCombo_R1.fastq,./PTrimmed_V1MixedV2/6631-75-28FCombo_R2.fastq,LT075,Sample,79600.1892089844
6631-76-28FCombo,./PTrimmed_V1MixedV2/6631-76-28FCombo_R1.fastq,./PTrimmed_V1MixedV2/6631-76-28FCombo_R2.fastq,LT076,Sample,25697.4731445312
6631-77-28FCombo,./PTrimmed_V1MixedV2/6631-77-28FCombo_R1.fastq,./PTrimmed_V1MixedV2/6631-77-28FCombo_R2.fastq,LT077,Sample,65984.0576171874
6631-78-28FCombo,./PTrimmed_V1MixedV2/6631-78-28FCombo_R1.fastq,./PTrimmed_V1MixedV2/6631-78-28FCombo_R2.fastq,LT078,Sample,51897.55859375
6631-79-28FCombo,./PTrimmed_V1MixedV2/6631-79-28FCombo_R1.fastq,./PTrimmed_V1MixedV2/6631-79-28FCombo_R2.fastq,LT079,Sample,17844.5083618164
6631-8-28FCombo,./PTrimmed_V1MixedV2/6631-8-28FCombo_R1.fastq,./PTrimmed_V1MixedV2/6631-8-28FCombo_R2.fastq,LT008,Sample,111904.248046875
6631-80-28FCombo,./PTrimmed_V1MixedV2/6631-80-28FCombo_R1.fastq,./PTrimmed_V1MixedV2/6631-80-28FCombo_R2.fastq,LT080,Sample,159227.075195313
6631-81-28FCombo,./PTrimmed_V1MixedV2/6631-81-28FCombo_R1.fastq,./PTrimmed_V1MixedV2/6631-81-28FCombo_R2.fastq,LT081,Sample,574366.40625
6631-82-28FCombo,./PTrimmed_V1MixedV2/6631-82-28FCombo_R1.fastq,./PTrimmed_V1MixedV2/6631-82-28FCombo_R2.fastq,LT082,Sample,68052.0141601562
6631-83-28FCombo,./PTrimmed_V1MixedV2/6631-83-28FCombo_R1.fastq,./PTrimmed_V1MixedV2/6631-83-28FCombo_R2.fastq,LT083,Sample,3247.43728637696
6631-84-28FCombo,./PTrimmed_V1MixedV2/6631-84-28FCombo_R1.fastq,./PTrimmed_V1MixedV2/6631-84-28FCombo_R2.fastq,LT084,Sample,458295.21484375
6631-85-28FCombo,./PTrimmed_V1MixedV2/6631-85-28FCombo_R1.fastq,./PTrimmed_V1MixedV2/6631-85-28FCombo_R2.fastq,LT085,Sample,722.544240951538
6631-86-28FCombo,./PTrimmed_V1MixedV2/6631-86-28FCombo_R1.fastq,./PTrimmed_V1MixedV2/6631-86-28FCombo_R2.fastq,LT086,Sample,253008.3984375
6631-87-28FCombo,./PTrimmed_V1MixedV2/6631-87-28FCombo_R1.fastq,./PTrimmed_V1MixedV2/6631-87-28FCombo_R2.fastq,LT087,Sample,85743.0297851562
6631-88-28FCombo,./PTrimmed_V1MixedV2/6631-88-28FCombo_R1.fastq,./PTrimmed_V1MixedV2/6631-88-28FCombo_R2.fastq,LT088,Sample,201851.5625
6631-89-28FCombo,./PTrimmed_V1MixedV2/6631-89-28FCombo_R1.fastq,./PTrimmed_V1MixedV2/6631-89-28FCombo_R2.fastq,LT089,Sample,25679.4006347656
6631-9-28FCombo,./PTrimmed_V1MixedV2/6631-9-28FCombo_R1.fastq,./PTrimmed_V1MixedV2/6631-9-28FCombo_R2.fastq,LT009,Sample,161166.625976563
6631-91-28FCombo,./PTrimmed_V1MixedV2/6631-91-28FCombo_R1.fastq,./PTrimmed_V1MixedV2/6631-91-28FCombo_R2.fastq,LT091,Sample,582649.90234375
6631-92-28FCombo,./PTrimmed_V1MixedV2/6631-92-28FCombo_R1.fastq,./PTrimmed_V1MixedV2/6631-92-28FCombo_R2.fastq,LT092,Sample,132542.626953125
6631-93-28FCombo,./PTrimmed_V1MixedV2/6631-93-28FCombo_R1.fastq,./PTrimmed_V1MixedV2/6631-93-28FCombo_R2.fastq,LT093,Sample,30423.2604980468
6631-94-28FCombo,./PTrimmed_V1MixedV2/6631-94-28FCombo_R1.fastq,./PTrimmed_V1MixedV2/6631-94-28FCombo_R2.fastq,LT094,Sample,5211.67831420898
6631-95-28FCombo,./PTrimmed_V1MixedV2/6631-95-28FCombo_R1.fastq,./PTrimmed_V1MixedV2/6631-95-28FCombo_R2.fastq,LT095,Sample,47279.1534423828
6631-96-28FCombo,./PTrimmed_V1MixedV2/6631-96-28FCombo_R1.fastq,./PTrimmed_V1MixedV2/6631-96-28FCombo_R2.fastq,LT096,Sample,5119.85092163086
6631-98-28FCombo,./PTrimmed_V1MixedV2/6631-98-28FCombo_R1.fastq,./PTrimmed_V1MixedV2/6631-98-28FCombo_R2.fastq,LT098,Sample,5980.86624145508
6631-99-28FCombo,./PTrimmed_V1MixedV2/6631-99-28FCombo_R1.fastq,./PTrimmed_V1MixedV2/6631-99-28FCombo_R2.fastq,LT099,Sample,71612.353515625
6631-SMS1-28FCombo,./PTrimmed_V1MixedV2/6631-SMS1-28FCombo_R1.fastq,./PTrimmed_V1MixedV2/6631-SMS1-28FCombo_R2.fastq,SMS01,Sample,54328.5705566406
6631-SMS10-28FCombo,./PTrimmed_V1MixedV2/6631-SMS10-28FCombo_R1.fastq,./PTrimmed_V1MixedV2/6631-SMS10-28FCombo_R2.fastq,SMS10,Sample,70510.595703125
6631-SMS11-28FCombo,./PTrimmed_V1MixedV2/6631-SMS11-28FCombo_R1.fastq,./PTrimmed_V1MixedV2/6631-SMS11-28FCombo_R2.fastq,SMS11,Sample,13004.0496826172
6631-SMS12-28FCombo,./PTrimmed_V1MixedV2/6631-SMS12-28FCombo_R1.fastq,./PTrimmed_V1MixedV2/6631-SMS12-28FCombo_R2.fastq,SMS12,Sample,26125.9826660156
6631-SMS13-28FCombo,./PTrimmed_V1MixedV2/6631-SMS13-28FCombo_R1.fastq,./PTrimmed_V1MixedV2/6631-SMS13-28FCombo_R2.fastq,SMS13,Sample,130623.4375
6631-SMS14-28FCombo,./PTrimmed_V1MixedV2/6631-SMS14-28FCombo_R1.fastq,./PTrimmed_V1MixedV2/6631-SMS14-28FCombo_R2.fastq,SMS14,Sample,13179.7149658203
6631-SMS15-28FCombo,./PTrimmed_V1MixedV2/6631-SMS15-28FCombo_R1.fastq,./PTrimmed_V1MixedV2/6631-SMS15-28FCombo_R2.fastq,SMS15,Sample,45852.896118164
6631-SMS16-28FCombo,./PTrimmed_V1MixedV2/6631-SMS16-28FCombo_R1.fastq,./PTrimmed_V1MixedV2/6631-SMS16-28FCombo_R2.fastq,SMS16,Sample,247178.857421876
6631-SMS17-28FCombo,./PTrimmed_V1MixedV2/6631-SMS17-28FCombo_R1.fastq,./PTrimmed_V1MixedV2/6631-SMS17-28FCombo_R2.fastq,SMS17,Sample,3570.47729492188
6631-SMS18-28FCombo,./PTrimmed_V1MixedV2/6631-SMS18-28FCombo_R1.fastq,./PTrimmed_V1MixedV2/6631-SMS18-28FCombo_R2.fastq,SMS18,Sample,41225.1647949218
6631-SMS19-28FCombo,./PTrimmed_V1MixedV2/6631-SMS19-28FCombo_R1.fastq,./PTrimmed_V1MixedV2/6631-SMS19-28FCombo_R2.fastq,SMS19,Sample,15450.5706787109
6631-SMS2-28FCombo,./PTrimmed_V1MixedV2/6631-SMS2-28FCombo_R1.fastq,./PTrimmed_V1MixedV2/6631-SMS2-28FCombo_R2.fastq,SMS02,Sample,83889.1967773438
6631-SMS20-28FCombo,./PTrimmed_V1MixedV2/6631-SMS20-28FCombo_R1.fastq,./PTrimmed_V1MixedV2/6631-SMS20-28FCombo_R2.fastq,SMS20,Sample,190741.711425781
6631-SMS21-28FCombo,./PTrimmed_V1MixedV2/6631-SMS21-28FCombo_R1.fastq,./PTrimmed_V1MixedV2/6631-SMS21-28FCombo_R2.fastq,SMS21,Sample,160168.994140625
6631-SMS22-28FCombo,./PTrimmed_V1MixedV2/6631-SMS22-28FCombo_R1.fastq,./PTrimmed_V1MixedV2/6631-SMS22-28FCombo_R2.fastq,SMS22,Sample,71806.4208984374
6631-SMS23-28FCombo,./PTrimmed_V1MixedV2/6631-SMS23-28FCombo_R1.fastq,./PTrimmed_V1MixedV2/6631-SMS23-28FCombo_R2.fastq,SMS23,Sample,127204.162597656
6631-SMS24-28FCombo,./PTrimmed_V1MixedV2/6631-SMS24-28FCombo_R1.fastq,./PTrimmed_V1MixedV2/6631-SMS24-28FCombo_R2.fastq,SMS24,Sample,40415.0695800782
6631-SMS25-28FCombo,./PTrimmed_V1MixedV2/6631-SMS25-28FCombo_R1.fastq,./PTrimmed_V1MixedV2/6631-SMS25-28FCombo_R2.fastq,SMS25,Sample,7989.0151977539
6631-SMS26-28FCombo,./PTrimmed_V1MixedV2/6631-SMS26-28FCombo_R1.fastq,./PTrimmed_V1MixedV2/6631-SMS26-28FCombo_R2.fastq,SMS26,Sample,32307.470703125
6631-SMS27-28FCombo,./PTrimmed_V1MixedV2/6631-SMS27-28FCombo_R1.fastq,./PTrimmed_V1MixedV2/6631-SMS27-28FCombo_R2.fastq,SMS27,Sample,24863.3575439454
6631-SMS28-28FCombo,./PTrimmed_V1MixedV2/6631-SMS28-28FCombo_R1.fastq,./PTrimmed_V1MixedV2/6631-SMS28-28FCombo_R2.fastq,SMS28,Sample,25123.3978271484
6631-SMS29-28FCombo,./PTrimmed_V1MixedV2/6631-SMS29-28FCombo_R1.fastq,./PTrimmed_V1MixedV2/6631-SMS29-28FCombo_R2.fastq,SMS29,Sample,20824.5025634766
6631-SMS3-28FCombo,./PTrimmed_V1MixedV2/6631-SMS3-28FCombo_R1.fastq,./PTrimmed_V1MixedV2/6631-SMS3-28FCombo_R2.fastq,SMS03,Sample,233313.208007812
6631-SMS30-28FCombo,./PTrimmed_V1MixedV2/6631-SMS30-28FCombo_R1.fastq,./PTrimmed_V1MixedV2/6631-SMS30-28FCombo_R2.fastq,SMS30,Sample,12273.2948303223
6631-SMS31-28FCombo,./PTrimmed_V1MixedV2/6631-SMS31-28FCombo_R1.fastq,./PTrimmed_V1MixedV2/6631-SMS31-28FCombo_R2.fastq,SMS31,Sample,160858.984375
6631-SMS32-28FCombo,./PTrimmed_V1MixedV2/6631-SMS32-28FCombo_R1.fastq,./PTrimmed_V1MixedV2/6631-SMS32-28FCombo_R2.fastq,SMS32,Sample,37049.2797851562
6631-SMS33-28FCombo,./PTrimmed_V1MixedV2/6631-SMS33-28FCombo_R1.fastq,./PTrimmed_V1MixedV2/6631-SMS33-28FCombo_R2.fastq,SMS33,Sample,2605.2734375
6631-SMS34-28FCombo,./PTrimmed_V1MixedV2/6631-SMS34-28FCombo_R1.fastq,./PTrimmed_V1MixedV2/6631-SMS34-28FCombo_R2.fastq,SMS34,Sample,36778.9184570312
6631-SMS35-28FCombo,./PTrimmed_V1MixedV2/6631-SMS35-28FCombo_R1.fastq,./PTrimmed_V1MixedV2/6631-SMS35-28FCombo_R2.fastq,SMS35,Sample,325521.630859376
6631-SMS36-28FCombo,./PTrimmed_V1MixedV2/6631-SMS36-28FCombo_R1.fastq,./PTrimmed_V1MixedV2/6631-SMS36-28FCombo_R2.fastq,SMS36,Sample,7002.60467529296
6631-SMS37-28FCombo,./PTrimmed_V1MixedV2/6631-SMS37-28FCombo_R1.fastq,./PTrimmed_V1MixedV2/6631-SMS37-28FCombo_R2.fastq,SMS37,Sample,129389.440917969
6631-SMS38-28FCombo,./PTrimmed_V1MixedV2/6631-SMS38-28FCombo_R1.fastq,./PTrimmed_V1MixedV2/6631-SMS38-28FCombo_R2.fastq,SMS38,Sample,25302.5085449218
6631-SMS39-28FCombo,./PTrimmed_V1MixedV2/6631-SMS39-28FCombo_R1.fastq,./PTrimmed_V1MixedV2/6631-SMS39-28FCombo_R2.fastq,SMS39,Sample,3648.58703613282
6631-SMS4-28FCombo,./PTrimmed_V1MixedV2/6631-SMS4-28FCombo_R1.fastq,./PTrimmed_V1MixedV2/6631-SMS4-28FCombo_R2.fastq,SMS04,Sample,13943.5791015625
6631-SMS40-28FCombo,./PTrimmed_V1MixedV2/6631-SMS40-28FCombo_R1.fastq,./PTrimmed_V1MixedV2/6631-SMS40-28FCombo_R2.fastq,SMS40,Sample,3820.01304626464
6631-SMS5-28FCombo,./PTrimmed_V1MixedV2/6631-SMS5-28FCombo_R1.fastq,./PTrimmed_V1MixedV2/6631-SMS5-28FCombo_R2.fastq,SMS05,Sample,3882.14530944824
6631-SMS6-28FCombo,./PTrimmed_V1MixedV2/6631-SMS6-28FCombo_R1.fastq,./PTrimmed_V1MixedV2/6631-SMS6-28FCombo_R2.fastq,SMS06,Sample,12375.4364013672
6631-SMS7-28FCombo,./PTrimmed_V1MixedV2/6631-SMS7-28FCombo_R1.fastq,./PTrimmed_V1MixedV2/6631-SMS7-28FCombo_R2.fastq,SMS07,Sample,438007.861328124
6631-SMS8-28FCombo,./PTrimmed_V1MixedV2/6631-SMS8-28FCombo_R1.fastq,./PTrimmed_V1MixedV2/6631-SMS8-28FCombo_R2.fastq,SMS08,Sample,22511.5371704102
6631-SMS9-28FCombo,./PTrimmed_V1MixedV2/6631-SMS9-28FCombo_R1.fastq,./PTrimmed_V1MixedV2/6631-SMS9-28FCombo_R2.fastq,SMS09,Sample,1661.65733337402
6631-N10-28FCombo,./PTrimmed_V1MixedV2/6631-N10-28FCombo_R1.fastq,./PTrimmed_V1MixedV2/6631-N10-28FCombo_R2.fastq,N10,Control,
6631-N8-28FCombo,./PTrimmed_V1MixedV2/6631-N8-28FCombo_R1.fastq,./PTrimmed_V1MixedV2/6631-N8-28FCombo_R2.fastq,N8,Control,
6631-N9-28FCombo,./PTrimmed_V1MixedV2/6631-N9-28FCombo_R1.fastq,./PTrimmed_V1MixedV2/6631-N9-28FCombo_R2.fastq,N9,Control,
