sample	study	instrument_model	library_name	library_source	library_selection	library_strategy	library_layout	forward_file_name	forward_file_md5	reverse_file_name	reverse_file_md5	sample_alias
ERS14277979	PRJEB57401	Illumina MiSeq		METAGENOMIC	PCR	AMPLICON	PAIRED	6631-N9-28FCombo_R1.fastq	83b064f013fa3e013655d78244aeb6d9	6631-N9-28FCombo_R2.fastq	648443795eeeb6bea4f3f0f5eb5588c2	N9
ERS14277978	PRJEB57401	Illumina MiSeq		METAGENOMIC	PCR	AMPLICON	PAIRED	6631-N8-28FCombo_R1.fastq	3a4baf68e56e35d40c2d657685b8368a	6631-N8-28FCombo_R2.fastq	9d1c69afe3453d7b9d0f3b0e0bc7592f	N8
ERS14277977	PRJEB57401	Illumina MiSeq		METAGENOMIC	PCR	AMPLICON	PAIRED	6631-N10-28FCombo_R1.fastq	0d6a120fb258db2092870d2af8985f91	6631-N10-28FCombo_R2.fastq	a9e84dafeeb291c36ab7ac0f3a102a44	N10
ERS14277976	PRJEB57401	Illumina MiSeq		METAGENOMIC	PCR	AMPLICON	PAIRED	6631-SMS9-28FCombo_R1.fastq	a99e87293b74c639c236b089b4a8b4b9	6631-SMS9-28FCombo_R2.fastq	a222a31f644632d236276f95169b7d2d	SMS09
ERS14277975	PRJEB57401	Illumina MiSeq		METAGENOMIC	PCR	AMPLICON	PAIRED	6631-SMS8-28FCombo_R1.fastq	4bcbdb78b543ebb8db5d9145754240d6	6631-SMS8-28FCombo_R2.fastq	d9ccacfad1e61aa3d9804f62c1b234df	SMS08
ERS14277974	PRJEB57401	Illumina MiSeq		METAGENOMIC	PCR	AMPLICON	PAIRED	6631-SMS7-28FCombo_R1.fastq	64206efcc5567825941946ddc92a0f9b	6631-SMS7-28FCombo_R2.fastq	4c3581d688b44842074f37cc19788fbc	SMS07
ERS14277973	PRJEB57401	Illumina MiSeq		METAGENOMIC	PCR	AMPLICON	PAIRED	6631-SMS6-28FCombo_R1.fastq	f2487d56128d708a9f5cac76674f66df	6631-SMS6-28FCombo_R2.fastq	f695a25a1cda6caef845ecd7caaaaa61	SMS06
ERS14277972	PRJEB57401	Illumina MiSeq		METAGENOMIC	PCR	AMPLICON	PAIRED	6631-SMS5-28FCombo_R1.fastq	ab6600e6bb579c21f33d7110cfbec167	6631-SMS5-28FCombo_R2.fastq	467f570829c6cf286d3a068eb3977227	SMS05
ERS14277971	PRJEB57401	Illumina MiSeq		METAGENOMIC	PCR	AMPLICON	PAIRED	6631-SMS40-28FCombo_R1.fastq	68954621e1dd02f47cee5bcaa4683af4	6631-SMS40-28FCombo_R2.fastq	6d561c50d538caa05e578beeef5c39cf	SMS40
ERS14277970	PRJEB57401	Illumina MiSeq		METAGENOMIC	PCR	AMPLICON	PAIRED	6631-SMS4-28FCombo_R1.fastq	2b731cd211192157bacab7cf63877347	6631-SMS4-28FCombo_R2.fastq	fc52eae1035098d69495f9ce6b62bf8e	SMS04
ERS14277969	PRJEB57401	Illumina MiSeq		METAGENOMIC	PCR	AMPLICON	PAIRED	6631-SMS39-28FCombo_R1.fastq	a216bb912dd2020f0f4962680a19c60c	6631-SMS39-28FCombo_R2.fastq	1e02c28c17cbf39af7fbb02e83d764a3	SMS39
ERS14277968	PRJEB57401	Illumina MiSeq		METAGENOMIC	PCR	AMPLICON	PAIRED	6631-SMS38-28FCombo_R1.fastq	b590b35a62e778ce3c59eebef77d9253	6631-SMS38-28FCombo_R2.fastq	5dcccae5d1e9d78a61f642c2af289f50	SMS38
ERS14277967	PRJEB57401	Illumina MiSeq		METAGENOMIC	PCR	AMPLICON	PAIRED	6631-SMS37-28FCombo_R1.fastq	e5f2e0b5b4c0ffdeb76680f8ab2adaf1	6631-SMS37-28FCombo_R2.fastq	d7086903071172493359eb2a20e16048	SMS37
ERS14277966	PRJEB57401	Illumina MiSeq		METAGENOMIC	PCR	AMPLICON	PAIRED	6631-SMS36-28FCombo_R1.fastq	df588d9cbc15b116da78341deb9dc26e	6631-SMS36-28FCombo_R2.fastq	012ee2efe79dcafd4308c7a555dab35c	SMS36
ERS14277965	PRJEB57401	Illumina MiSeq		METAGENOMIC	PCR	AMPLICON	PAIRED	6631-SMS35-28FCombo_R1.fastq	484287cd29c98a091d6afd4fe91facee	6631-SMS35-28FCombo_R2.fastq	e38193be261484693c0d8dbade4d44a6	SMS35
ERS14277964	PRJEB57401	Illumina MiSeq		METAGENOMIC	PCR	AMPLICON	PAIRED	6631-SMS34-28FCombo_R1.fastq	b34fb780491af719e708708402cb1ba5	6631-SMS34-28FCombo_R2.fastq	5b25012063cbbdaf75ab7f24d8454a93	SMS34
ERS14277963	PRJEB57401	Illumina MiSeq		METAGENOMIC	PCR	AMPLICON	PAIRED	6631-SMS33-28FCombo_R1.fastq	a50dc1cf8fff79cf11521b0228fab1c9	6631-SMS33-28FCombo_R2.fastq	0a17a171a20e58da5f949628ddb8a6a6	SMS33
ERS14277962	PRJEB57401	Illumina MiSeq		METAGENOMIC	PCR	AMPLICON	PAIRED	6631-SMS32-28FCombo_R1.fastq	95cc00642c7b1e6e30e4cf4c73926f48	6631-SMS32-28FCombo_R2.fastq	ea8b5089d33ebc55ab1d4e5eab853b99	SMS32
ERS14277961	PRJEB57401	Illumina MiSeq		METAGENOMIC	PCR	AMPLICON	PAIRED	6631-SMS31-28FCombo_R1.fastq	917b363ee4a00f8cfcc82e144ebe1b01	6631-SMS31-28FCombo_R2.fastq	d5cf45757410e8940e4bfcb0c50fd602	SMS31
ERS14277960	PRJEB57401	Illumina MiSeq		METAGENOMIC	PCR	AMPLICON	PAIRED	6631-SMS30-28FCombo_R1.fastq	8dda1a2abaf3cb6f92102a149a26e2c6	6631-SMS30-28FCombo_R2.fastq	4047e8f1eea726f60a7013453eeb8f26	SMS30
ERS14277959	PRJEB57401	Illumina MiSeq		METAGENOMIC	PCR	AMPLICON	PAIRED	6631-SMS3-28FCombo_R1.fastq	92dc25a3e4b7741ea1c11b3f157c2b5f	6631-SMS3-28FCombo_R2.fastq	e0c18f15debd97f38cbfa10717f06f44	SMS03
ERS14277958	PRJEB57401	Illumina MiSeq		METAGENOMIC	PCR	AMPLICON	PAIRED	6631-SMS29-28FCombo_R1.fastq	078ba52aeacd3508622614f935d03908	6631-SMS29-28FCombo_R2.fastq	037baef82820485347eb79dbc7ce5fbf	SMS29
ERS14277957	PRJEB57401	Illumina MiSeq		METAGENOMIC	PCR	AMPLICON	PAIRED	6631-SMS28-28FCombo_R1.fastq	f1f8453554cdd3adb66fe1b6d1728f52	6631-SMS28-28FCombo_R2.fastq	e968d4d4bc847c334dfb285a5393db4f	SMS28
ERS14277956	PRJEB57401	Illumina MiSeq		METAGENOMIC	PCR	AMPLICON	PAIRED	6631-SMS27-28FCombo_R1.fastq	b7285ff8621d02053ee01af874dd77ac	6631-SMS27-28FCombo_R2.fastq	fffc164d14bea5b3361ac79407f0530d	SMS27
ERS14277955	PRJEB57401	Illumina MiSeq		METAGENOMIC	PCR	AMPLICON	PAIRED	6631-SMS26-28FCombo_R1.fastq	23cdfcd6238fc33af79c0293cc2527cf	6631-SMS26-28FCombo_R2.fastq	e5d28dcf1dd54ba97a1d0451b93f6122	SMS26
ERS14277954	PRJEB57401	Illumina MiSeq		METAGENOMIC	PCR	AMPLICON	PAIRED	6631-SMS25-28FCombo_R1.fastq	743766d4405885ee15d74ccb69e79a74	6631-SMS25-28FCombo_R2.fastq	b932610c47b4171ebaa2cdedbb7850a5	SMS25
ERS14277953	PRJEB57401	Illumina MiSeq		METAGENOMIC	PCR	AMPLICON	PAIRED	6631-SMS24-28FCombo_R1.fastq	f6ce0ea4c4683b3a19fbb7549fe4f3f8	6631-SMS24-28FCombo_R2.fastq	72ff82c16fde6ff079d8f94260032f70	SMS24
ERS14277952	PRJEB57401	Illumina MiSeq		METAGENOMIC	PCR	AMPLICON	PAIRED	6631-SMS23-28FCombo_R1.fastq	894b41538b745828e863e9e42286fcf0	6631-SMS23-28FCombo_R2.fastq	2169701e32d471e3994fe33f06e0ed08	SMS23
ERS14277951	PRJEB57401	Illumina MiSeq		METAGENOMIC	PCR	AMPLICON	PAIRED	6631-SMS22-28FCombo_R1.fastq	d5921847613b87e553ffc78ed4d0b300	6631-SMS22-28FCombo_R2.fastq	39ad36039cde86d4741cf0049e80fc84	SMS22
ERS14277950	PRJEB57401	Illumina MiSeq		METAGENOMIC	PCR	AMPLICON	PAIRED	6631-SMS21-28FCombo_R1.fastq	a6d131542538f972f86f565a8edb8b07	6631-SMS21-28FCombo_R2.fastq	d0947e98da533dc70f35dd047fb6f9ad	SMS21
ERS14277949	PRJEB57401	Illumina MiSeq		METAGENOMIC	PCR	AMPLICON	PAIRED	6631-SMS20-28FCombo_R1.fastq	1a977a0d6deace182a024dfb7272b084	6631-SMS20-28FCombo_R2.fastq	7c581bde33110facbdc1c3ebd0a691da	SMS20
ERS14277948	PRJEB57401	Illumina MiSeq		METAGENOMIC	PCR	AMPLICON	PAIRED	6631-SMS2-28FCombo_R1.fastq	fba2b84fee8d1550ce297d68729873ed	6631-SMS2-28FCombo_R2.fastq	ee8acd4819687b383501d9fef9beb6ee	SMS02
ERS14277947	PRJEB57401	Illumina MiSeq		METAGENOMIC	PCR	AMPLICON	PAIRED	6631-SMS19-28FCombo_R1.fastq	625359a6204b7c5bab366759b6f1c82f	6631-SMS19-28FCombo_R2.fastq	a4da8fab4b084051ed0887f41a0c5989	SMS19
ERS14277946	PRJEB57401	Illumina MiSeq		METAGENOMIC	PCR	AMPLICON	PAIRED	6631-SMS18-28FCombo_R1.fastq	7987141b7f0a39b3da721e3628fa0be4	6631-SMS18-28FCombo_R2.fastq	94a7e87e4c49842c86bb245d88f23fb2	SMS18
ERS14277945	PRJEB57401	Illumina MiSeq		METAGENOMIC	PCR	AMPLICON	PAIRED	6631-SMS17-28FCombo_R1.fastq	e71d01c0ce23da2d7b596f536d1beb07	6631-SMS17-28FCombo_R2.fastq	00da89eabdbb6615005c5e0d705eaf28	SMS17
ERS14277944	PRJEB57401	Illumina MiSeq		METAGENOMIC	PCR	AMPLICON	PAIRED	6631-SMS16-28FCombo_R1.fastq	41b18613740c8b806944869fca533f1f	6631-SMS16-28FCombo_R2.fastq	49169babcc4ef8eb47c3b1e9f0675b75	SMS16
ERS14277943	PRJEB57401	Illumina MiSeq		METAGENOMIC	PCR	AMPLICON	PAIRED	6631-SMS15-28FCombo_R1.fastq	5ab33ed562396a424bbdb55bf059e5d6	6631-SMS15-28FCombo_R2.fastq	712aeb0623d9374adce218e8a29bd79d	SMS15
ERS14277942	PRJEB57401	Illumina MiSeq		METAGENOMIC	PCR	AMPLICON	PAIRED	6631-SMS14-28FCombo_R1.fastq	a771f59126b83d799b0f2cd41a15f175	6631-SMS14-28FCombo_R2.fastq	881d12c33e71eb0829063987f6980dff	SMS14
ERS14277941	PRJEB57401	Illumina MiSeq		METAGENOMIC	PCR	AMPLICON	PAIRED	6631-SMS13-28FCombo_R1.fastq	c28f8a2eaa39054a6e66395c5576df52	6631-SMS13-28FCombo_R2.fastq	87ca1571ff9547a1ebd7453d881b5562	SMS13
ERS14277940	PRJEB57401	Illumina MiSeq		METAGENOMIC	PCR	AMPLICON	PAIRED	6631-SMS12-28FCombo_R1.fastq	d489b5fd9457aca4fb62b088935d5833	6631-SMS12-28FCombo_R2.fastq	21df31b4ebc4ea2b65b05d7b4a637f0e	SMS12
ERS14277939	PRJEB57401	Illumina MiSeq		METAGENOMIC	PCR	AMPLICON	PAIRED	6631-SMS11-28FCombo_R1.fastq	e7ff7bc122dc97941ff5711fef7fc399	6631-SMS11-28FCombo_R2.fastq	2de60dc956566aa0b4eb13d2c1ed4dac	SMS11
ERS14277938	PRJEB57401	Illumina MiSeq		METAGENOMIC	PCR	AMPLICON	PAIRED	6631-SMS10-28FCombo_R1.fastq	0b933aeac82b1ea5b297d07f099bc664	6631-SMS10-28FCombo_R2.fastq	94fdfe0f15e4b7e59fd3a2ae63a76d97	SMS10
ERS14277937	PRJEB57401	Illumina MiSeq		METAGENOMIC	PCR	AMPLICON	PAIRED	6631-SMS1-28FCombo_R1.fastq	9b1f2c6405110201902c321946a32e94	6631-SMS1-28FCombo_R2.fastq	07ffe540af19d2e75220d1cb53379997	SMS01
ERS14277936	PRJEB57401	Illumina MiSeq		METAGENOMIC	PCR	AMPLICON	PAIRED	6631-99-28FCombo_R1.fastq	169e666076ffb4c6410a2ef70d40fbe3	6631-99-28FCombo_R2.fastq	6b0c92ab47a46c85792781bb0657c79e	LT099
ERS14277935	PRJEB57401	Illumina MiSeq		METAGENOMIC	PCR	AMPLICON	PAIRED	6631-98-28FCombo_R1.fastq	26d032fed4b78f60c8f77213aa8e5ffd	6631-98-28FCombo_R2.fastq	227b5c34aa7c296c1dac8501e408b20c	LT098
ERS14277934	PRJEB57401	Illumina MiSeq		METAGENOMIC	PCR	AMPLICON	PAIRED	6631-96-28FCombo_R1.fastq	c1e6105ebb038a6c18d576d339d3f003	6631-96-28FCombo_R2.fastq	6623470d71bbd91273f2831dae540f39	LT096
ERS14277933	PRJEB57401	Illumina MiSeq		METAGENOMIC	PCR	AMPLICON	PAIRED	6631-95-28FCombo_R1.fastq	990179c0dee55cab8ea9933a34cb8bc3	6631-95-28FCombo_R2.fastq	7f88f7c93876e6ef075f984230fdf6d2	LT095
ERS14277932	PRJEB57401	Illumina MiSeq		METAGENOMIC	PCR	AMPLICON	PAIRED	6631-94-28FCombo_R1.fastq	d3a82ac47d1dc70468c1da85cb7ba3c4	6631-94-28FCombo_R2.fastq	1a4e8a820fa541b6dbf484fad26e0e76	LT094
ERS14277931	PRJEB57401	Illumina MiSeq		METAGENOMIC	PCR	AMPLICON	PAIRED	6631-93-28FCombo_R1.fastq	935efaf618d0e7001b9fecdd5da85768	6631-93-28FCombo_R2.fastq	09cdf204d89dc9abde4c514f29d95fd5	LT093
ERS14277930	PRJEB57401	Illumina MiSeq		METAGENOMIC	PCR	AMPLICON	PAIRED	6631-92-28FCombo_R1.fastq	5db0a63a5c8f070605a761b7c059b4f4	6631-92-28FCombo_R2.fastq	3e22344e4b56cd59ca8e25f5599faf8d	LT092
ERS14277929	PRJEB57401	Illumina MiSeq		METAGENOMIC	PCR	AMPLICON	PAIRED	6631-91-28FCombo_R1.fastq	4ecd14ea13bd2f038acc40869d9d31dd	6631-91-28FCombo_R2.fastq	60f3fb3adc277f24a5d38f1c69212655	LT091
ERS14277928	PRJEB57401	Illumina MiSeq		METAGENOMIC	PCR	AMPLICON	PAIRED	6631-9-28FCombo_R1.fastq	f35e08030251d737d0bd431be4a69e5b	6631-9-28FCombo_R2.fastq	c33c2d16b87d70c448c6df8e931901b0	LT009
ERS14277927	PRJEB57401	Illumina MiSeq		METAGENOMIC	PCR	AMPLICON	PAIRED	6631-89-28FCombo_R1.fastq	467c15bf6bff32ad84aa5ab5e574244d	6631-89-28FCombo_R2.fastq	d1e0171a82a7180171a077dda83254e1	LT089
ERS14277926	PRJEB57401	Illumina MiSeq		METAGENOMIC	PCR	AMPLICON	PAIRED	6631-88-28FCombo_R1.fastq	efc653073a1157a71f48c8cf34f7aded	6631-88-28FCombo_R2.fastq	4735f2ca07a14edd9c875b736ba8ed09	LT088
ERS14277925	PRJEB57401	Illumina MiSeq		METAGENOMIC	PCR	AMPLICON	PAIRED	6631-87-28FCombo_R1.fastq	aedc1d888895e41be8f78de51bf257a2	6631-87-28FCombo_R2.fastq	5431c86143840f7223c8055a7eb11340	LT087
ERS14277924	PRJEB57401	Illumina MiSeq		METAGENOMIC	PCR	AMPLICON	PAIRED	6631-86-28FCombo_R1.fastq	5d0aa718736145d9b156c8d6f264aa1f	6631-86-28FCombo_R2.fastq	7be7b71370c818d7458c2fb071df2545	LT086
ERS14277923	PRJEB57401	Illumina MiSeq		METAGENOMIC	PCR	AMPLICON	PAIRED	6631-85-28FCombo_R1.fastq	a1a69e6ed285eea17e267cdd00cd2fdc	6631-85-28FCombo_R2.fastq	fb6ef9a683685a16c4837089cdfe0074	LT085
ERS14277922	PRJEB57401	Illumina MiSeq		METAGENOMIC	PCR	AMPLICON	PAIRED	6631-84-28FCombo_R1.fastq	9c287f60639a4b5b56e2e8612d18fd90	6631-84-28FCombo_R2.fastq	a8e203d330676264d84c4e4671eb3488	LT084
ERS14277921	PRJEB57401	Illumina MiSeq		METAGENOMIC	PCR	AMPLICON	PAIRED	6631-83-28FCombo_R1.fastq	81680f5087dc99f00413db98da82d9a7	6631-83-28FCombo_R2.fastq	4d2763029b1f3d80ab4785f2a7d83fde	LT083
ERS14277920	PRJEB57401	Illumina MiSeq		METAGENOMIC	PCR	AMPLICON	PAIRED	6631-82-28FCombo_R1.fastq	967403424f92413530da40a659e22a76	6631-82-28FCombo_R2.fastq	7edaad050a569b6332ee5aebe6c9b75f	LT082
ERS14277919	PRJEB57401	Illumina MiSeq		METAGENOMIC	PCR	AMPLICON	PAIRED	6631-81-28FCombo_R1.fastq	3384c401661beb294cbf408a46a99243	6631-81-28FCombo_R2.fastq	f803d82fe44cf1c551f2bedad0fe5776	LT081
ERS14277918	PRJEB57401	Illumina MiSeq		METAGENOMIC	PCR	AMPLICON	PAIRED	6631-80-28FCombo_R1.fastq	849a031f9211f07614afeebfe6db0d1b	6631-80-28FCombo_R2.fastq	7e9582874c01bc7e395cb729a9709ecd	LT080
ERS14277917	PRJEB57401	Illumina MiSeq		METAGENOMIC	PCR	AMPLICON	PAIRED	6631-8-28FCombo_R1.fastq	cb0458d5a7e086abbaad30f2e0e9d9d7	6631-8-28FCombo_R2.fastq	31b656271ce7ab9471a1a43f58f360a3	LT008
ERS14277916	PRJEB57401	Illumina MiSeq		METAGENOMIC	PCR	AMPLICON	PAIRED	6631-79-28FCombo_R1.fastq	3b265c81a9344987216bf4cb526363da	6631-79-28FCombo_R2.fastq	9a958ad4622feba66c09bd027541cb8e	LT079
ERS14277915	PRJEB57401	Illumina MiSeq		METAGENOMIC	PCR	AMPLICON	PAIRED	6631-78-28FCombo_R1.fastq	230e4a0e5a33aaf44aaa9f45b64dbd5c	6631-78-28FCombo_R2.fastq	9b38c9feed189f5e1e988bcefe7bebac	LT078
ERS14277914	PRJEB57401	Illumina MiSeq		METAGENOMIC	PCR	AMPLICON	PAIRED	6631-77-28FCombo_R1.fastq	7e8c97f80f6da6d8d22d432bbf9f3447	6631-77-28FCombo_R2.fastq	bac7b87ea2c9f7249e6794045eb58090	LT077
ERS14277913	PRJEB57401	Illumina MiSeq		METAGENOMIC	PCR	AMPLICON	PAIRED	6631-76-28FCombo_R1.fastq	d8f92c5434385e8b738bd60bd28dac36	6631-76-28FCombo_R2.fastq	07630b952bde08afd7583f072acaa7be	LT076
ERS14277912	PRJEB57401	Illumina MiSeq		METAGENOMIC	PCR	AMPLICON	PAIRED	6631-75-28FCombo_R1.fastq	cfc3bbd33c695f1154684f1b2d7d6830	6631-75-28FCombo_R2.fastq	bdfacd557842697cbcaa7cbd1d6702c4	LT075
ERS14277911	PRJEB57401	Illumina MiSeq		METAGENOMIC	PCR	AMPLICON	PAIRED	6631-74-28FCombo_R1.fastq	2dfacca3abc03376c2b105c97eed9e8d	6631-74-28FCombo_R2.fastq	3ef7b637eb5455c9cb78156ec3ee26f8	LT074
ERS14277910	PRJEB57401	Illumina MiSeq		METAGENOMIC	PCR	AMPLICON	PAIRED	6631-73-28FCombo_R1.fastq	29b41fca88b57b478af66fd5ac12dae9	6631-73-28FCombo_R2.fastq	66e64a130435269ef3be5ec32fa3a740	LT073
ERS14277909	PRJEB57401	Illumina MiSeq		METAGENOMIC	PCR	AMPLICON	PAIRED	6631-72-28FCombo_R1.fastq	254037b6730850063f926632a5dc032c	6631-72-28FCombo_R2.fastq	de6442c5ed44e14963a7b0704743de13	LT072
ERS14277908	PRJEB57401	Illumina MiSeq		METAGENOMIC	PCR	AMPLICON	PAIRED	6631-71-28FCombo_R1.fastq	0919fb0f42b007d29a5b9ebe55cf38b2	6631-71-28FCombo_R2.fastq	3ed5f80ae9ab6fea3f870912b3d10882	LT071
ERS14277907	PRJEB57401	Illumina MiSeq		METAGENOMIC	PCR	AMPLICON	PAIRED	6631-70-28FCombo_R1.fastq	58947d61a9a1dfd8b3dbe0aba71ddacb	6631-70-28FCombo_R2.fastq	8780c03898cf82f3df14a97489c7196c	LT070
ERS14277906	PRJEB57401	Illumina MiSeq		METAGENOMIC	PCR	AMPLICON	PAIRED	6631-7-28FCombo_R1.fastq	d0964f9ea4b62c015cc275fda49a48be	6631-7-28FCombo_R2.fastq	62e65d23d74265a611b78f1cfc7a7fc5	LT007
ERS14277905	PRJEB57401	Illumina MiSeq		METAGENOMIC	PCR	AMPLICON	PAIRED	6631-69-28FCombo_R1.fastq	720ee0014c0dc2db0ed9a99360af815d	6631-69-28FCombo_R2.fastq	f8b23f430baa2e5e2b6d92a3c041ad1e	LT069
ERS14277904	PRJEB57401	Illumina MiSeq		METAGENOMIC	PCR	AMPLICON	PAIRED	6631-68-28FCombo_R1.fastq	bbbc8dc41de5febb39be768bf3937de6	6631-68-28FCombo_R2.fastq	5afcebf47e52176759d7b26b0ef4068b	LT068
ERS14277903	PRJEB57401	Illumina MiSeq		METAGENOMIC	PCR	AMPLICON	PAIRED	6631-67-28FCombo_R1.fastq	7a38cde47293f484319cfb541d3d00c9	6631-67-28FCombo_R2.fastq	27e4438b7849c29e3b00c7196945cb1e	LT067
ERS14277902	PRJEB57401	Illumina MiSeq		METAGENOMIC	PCR	AMPLICON	PAIRED	6631-66-28FCombo_R1.fastq	a6aefc12e89ef62b9b839ac81609af63	6631-66-28FCombo_R2.fastq	625a2efd3ff57e0ec08a1aacec05d93e	LT066
ERS14277901	PRJEB57401	Illumina MiSeq		METAGENOMIC	PCR	AMPLICON	PAIRED	6631-65-28FCombo_R1.fastq	198df03c7e434a7d7de5c8a78c0f0f6e	6631-65-28FCombo_R2.fastq	cd987651016e20e9160357aa27265052	LT065
ERS14277900	PRJEB57401	Illumina MiSeq		METAGENOMIC	PCR	AMPLICON	PAIRED	6631-64-28FCombo_R1.fastq	4ffed93f8d47e014257f44830dc92691	6631-64-28FCombo_R2.fastq	db0cd9f051cdd16f95ee4ba81201213a	LT064
ERS14277899	PRJEB57401	Illumina MiSeq		METAGENOMIC	PCR	AMPLICON	PAIRED	6631-63-28FCombo_R1.fastq	d9686bb8710f376a99aedd2d12999344	6631-63-28FCombo_R2.fastq	02c7106de5a30aa06b9a8fa20b779920	LT063
ERS14277898	PRJEB57401	Illumina MiSeq		METAGENOMIC	PCR	AMPLICON	PAIRED	6631-62-28FCombo_R1.fastq	918575ef977039e0b98ab4afa8b2dd15	6631-62-28FCombo_R2.fastq	003b175b173f254c8165d2e10a4d0e1f	LT062
ERS14277897	PRJEB57401	Illumina MiSeq		METAGENOMIC	PCR	AMPLICON	PAIRED	6631-61-28FCombo_R1.fastq	40eb0b76baf3b45097c13ffce29bbb48	6631-61-28FCombo_R2.fastq	27a32885061931454a6840525095dd65	LT061
ERS14277896	PRJEB57401	Illumina MiSeq		METAGENOMIC	PCR	AMPLICON	PAIRED	6631-60-28FCombo_R1.fastq	8308c2cb9867ba279bd19afee4a0158e	6631-60-28FCombo_R2.fastq	7a9ee5fac71e83845f03734b7a976f1d	LT060
ERS14277895	PRJEB57401	Illumina MiSeq		METAGENOMIC	PCR	AMPLICON	PAIRED	6631-59-28FCombo_R1.fastq	8d9c882c156b1f5d424d810fc7e1c2c4	6631-59-28FCombo_R2.fastq	62523df36fd4850943a8a462833211f1	LT059
ERS14277894	PRJEB57401	Illumina MiSeq		METAGENOMIC	PCR	AMPLICON	PAIRED	6631-58-28FCombo_R1.fastq	96cbbe7271c3e89b909c5ae8c8d98581	6631-58-28FCombo_R2.fastq	76a04c9b2966799297eb6ef74e849914	LT058
ERS14277893	PRJEB57401	Illumina MiSeq		METAGENOMIC	PCR	AMPLICON	PAIRED	6631-57-28FCombo_R1.fastq	75bf6b29925d794e777158556cc9c2bf	6631-57-28FCombo_R2.fastq	688ea0586048f7e243176039afd87af1	LT057
ERS14277892	PRJEB57401	Illumina MiSeq		METAGENOMIC	PCR	AMPLICON	PAIRED	6631-55-28FCombo_R1.fastq	e49cbbfe8d23864d9f94dbc593ee08c9	6631-55-28FCombo_R2.fastq	cccceec204214eab5a46d81a0242fe41	LT055
ERS14277891	PRJEB57401	Illumina MiSeq		METAGENOMIC	PCR	AMPLICON	PAIRED	6631-54-28FCombo_R1.fastq	55180ef645a7d9c3320fa0a096b64e58	6631-54-28FCombo_R2.fastq	7845a32a37a7add3b7dc0d1d87eddcbd	LT054
ERS14277890	PRJEB57401	Illumina MiSeq		METAGENOMIC	PCR	AMPLICON	PAIRED	6631-53-28FCombo_R1.fastq	d46e95bedcaf34d22da39e8fe7b439f3	6631-53-28FCombo_R2.fastq	d1cc12e5f69304d95c7f71e32e448a25	LT053
ERS14277889	PRJEB57401	Illumina MiSeq		METAGENOMIC	PCR	AMPLICON	PAIRED	6631-52-28FCombo_R1.fastq	712738197a74cb69d58b7b107271a86d	6631-52-28FCombo_R2.fastq	d7f68d8273e4c6ca4843b599beccf6f1	LT052
ERS14277888	PRJEB57401	Illumina MiSeq		METAGENOMIC	PCR	AMPLICON	PAIRED	6631-51-28FCombo_R1.fastq	a2dc45cfc23770b4a676b2b8a2608c5f	6631-51-28FCombo_R2.fastq	8de7547568f37d10ba635ab40e0c4481	LT051
ERS14277887	PRJEB57401	Illumina MiSeq		METAGENOMIC	PCR	AMPLICON	PAIRED	6631-50-28FCombo_R1.fastq	251c8baea25eb2b1423d3bad4f9b7970	6631-50-28FCombo_R2.fastq	362b40a707aeafe497efe2d027769c72	LT050
ERS14277886	PRJEB57401	Illumina MiSeq		METAGENOMIC	PCR	AMPLICON	PAIRED	6631-5-28FCombo_R1.fastq	beaadf3a55bf0a79745ff19175d8db16	6631-5-28FCombo_R2.fastq	7e2caf93d8d2b8c40ee2d839151f17ea	LT005
ERS14277885	PRJEB57401	Illumina MiSeq		METAGENOMIC	PCR	AMPLICON	PAIRED	6631-49-28FCombo_R1.fastq	e42cf348281128d2e5254b71a6abcce3	6631-49-28FCombo_R2.fastq	7bba7d1a1cd20bb2a3370616c5af39d9	LT049
ERS14277884	PRJEB57401	Illumina MiSeq		METAGENOMIC	PCR	AMPLICON	PAIRED	6631-48-28FCombo_R1.fastq	e5b4a04c9cd592c9e80ea2f1e5a39d3a	6631-48-28FCombo_R2.fastq	1441a760fb4d0ce72c1a1481c655a37b	LT048
ERS14277883	PRJEB57401	Illumina MiSeq		METAGENOMIC	PCR	AMPLICON	PAIRED	6631-47-28FCombo_R1.fastq	d7a12d23e6402e1636069f80b5d427c5	6631-47-28FCombo_R2.fastq	695f49a9185222c4c6da88db6efa3bdf	LT047
ERS14277882	PRJEB57401	Illumina MiSeq		METAGENOMIC	PCR	AMPLICON	PAIRED	6631-46-28FCombo_R1.fastq	1b728cc19ef9c984f7fea37a1dd95a85	6631-46-28FCombo_R2.fastq	e46b461f9ca27d43f60f0ed52f739a89	LT046
ERS14277881	PRJEB57401	Illumina MiSeq		METAGENOMIC	PCR	AMPLICON	PAIRED	6631-45-28FCombo_R1.fastq	26cec7a1461d0d3185760da1d40d2857	6631-45-28FCombo_R2.fastq	a886c35364622eda6e4e7b3d1b9ffcdf	LT045
ERS14277880	PRJEB57401	Illumina MiSeq		METAGENOMIC	PCR	AMPLICON	PAIRED	6631-44-28FCombo_R1.fastq	c1e69ca0ffd4a581829e02fcfb932fdc	6631-44-28FCombo_R2.fastq	8135847d78474b6e1c79d0a1708d2c93	LT044
ERS14277879	PRJEB57401	Illumina MiSeq		METAGENOMIC	PCR	AMPLICON	PAIRED	6631-43-28FCombo_R1.fastq	33e60e3ea591c4e3add9b5a5ff575655	6631-43-28FCombo_R2.fastq	533fd51b76e0cb1b76e311661641eeb7	LT043
ERS14277878	PRJEB57401	Illumina MiSeq		METAGENOMIC	PCR	AMPLICON	PAIRED	6631-42-28FCombo_R1.fastq	f4cd67a025bf23d1a270ffb3f9534131	6631-42-28FCombo_R2.fastq	72a7d7b176b3cf1d624d59e0e6cd73c7	LT042
ERS14277877	PRJEB57401	Illumina MiSeq		METAGENOMIC	PCR	AMPLICON	PAIRED	6631-41-28FCombo_R1.fastq	9c97011d1ae89eaff0a56b244b7fec5b	6631-41-28FCombo_R2.fastq	79a63fe9ce7ab34d652efaeac09d906c	LT041
ERS14277876	PRJEB57401	Illumina MiSeq		METAGENOMIC	PCR	AMPLICON	PAIRED	6631-40-28FCombo_R1.fastq	6ea60ea85149aed6468ddd207870fe9e	6631-40-28FCombo_R2.fastq	ca81a640d8b9ed7b48f86c1cabefd79b	LT040
ERS14277875	PRJEB57401	Illumina MiSeq		METAGENOMIC	PCR	AMPLICON	PAIRED	6631-4-28FCombo_R1.fastq	8ce3026afe36428ec961ec695f13a6f1	6631-4-28FCombo_R2.fastq	d10e71200873fedd2d4bfcea1d3d7c35	LT004
ERS14277874	PRJEB57401	Illumina MiSeq		METAGENOMIC	PCR	AMPLICON	PAIRED	6631-39-28FCombo_R1.fastq	8944efd77be0823535f0aef021a1f495	6631-39-28FCombo_R2.fastq	29c7ce368fbb4fd3acd654ee04f50c2e	LT039
ERS14277873	PRJEB57401	Illumina MiSeq		METAGENOMIC	PCR	AMPLICON	PAIRED	6631-38-28FCombo_R1.fastq	391a062b81edecdd99677642a4aa9cf7	6631-38-28FCombo_R2.fastq	08372e83485bcd9f74d4473352d912b5	LT038
ERS14277872	PRJEB57401	Illumina MiSeq		METAGENOMIC	PCR	AMPLICON	PAIRED	6631-37-28FCombo_R1.fastq	fbd4964b1290ea59b942b0933374431a	6631-37-28FCombo_R2.fastq	629fd6ae5e5c5c3b7a6a8a9a5853e1da	LT037
ERS14277871	PRJEB57401	Illumina MiSeq		METAGENOMIC	PCR	AMPLICON	PAIRED	6631-36-28FCombo_R1.fastq	55a1e221a0c33a203bfa3e87462d00b8	6631-36-28FCombo_R2.fastq	204476a5d9a207454214c9073873c69d	LT036
ERS14277870	PRJEB57401	Illumina MiSeq		METAGENOMIC	PCR	AMPLICON	PAIRED	6631-35-28FCombo_R1.fastq	1c881304a7e08491fb3805adb986fe88	6631-35-28FCombo_R2.fastq	0ea54aa901576fc9b89288ee44001921	LT035
ERS14277869	PRJEB57401	Illumina MiSeq		METAGENOMIC	PCR	AMPLICON	PAIRED	6631-34-28FCombo_R1.fastq	e49e1e66006443760c5c76d85fef2ae8	6631-34-28FCombo_R2.fastq	dd53ccb6b73c1b0160af96dc8de8428e	LT034
ERS14277868	PRJEB57401	Illumina MiSeq		METAGENOMIC	PCR	AMPLICON	PAIRED	6631-33-28FCombo_R1.fastq	c3059115e3578546ed348cc5e96de480	6631-33-28FCombo_R2.fastq	19961c826219ff5851a936d160e6bae4	LT033
ERS14277867	PRJEB57401	Illumina MiSeq		METAGENOMIC	PCR	AMPLICON	PAIRED	6631-32-28FCombo_R1.fastq	5f9b1500929b34f94a95063a1ec8841f	6631-32-28FCombo_R2.fastq	083985dbc6550b64b72a69e3996381b8	LT032
ERS14277866	PRJEB57401	Illumina MiSeq		METAGENOMIC	PCR	AMPLICON	PAIRED	6631-31-28FCombo_R1.fastq	d8cf00d6d26d6d720972de4534013da1	6631-31-28FCombo_R2.fastq	55c75816e1471cae149248fc814db629	LT031
ERS14277865	PRJEB57401	Illumina MiSeq		METAGENOMIC	PCR	AMPLICON	PAIRED	6631-30-28FCombo_R1.fastq	45e09ebdf1c09ccf81575486f5e695c6	6631-30-28FCombo_R2.fastq	155cf77a6047c68faa97a30d7e64d22a	LT030
ERS14277864	PRJEB57401	Illumina MiSeq		METAGENOMIC	PCR	AMPLICON	PAIRED	6631-3-28FCombo_R1.fastq	9bc74f78e808292f9ae451b551638725	6631-3-28FCombo_R2.fastq	0ca418b364059ccf686d0987c7025963	LT003
ERS14277863	PRJEB57401	Illumina MiSeq		METAGENOMIC	PCR	AMPLICON	PAIRED	6631-29-28FCombo_R1.fastq	19697c2c92a7e5f75b69b51f488b02b6	6631-29-28FCombo_R2.fastq	bb8d1eec06e287e7d38875b7f30170b4	LT029
ERS14277862	PRJEB57401	Illumina MiSeq		METAGENOMIC	PCR	AMPLICON	PAIRED	6631-28-28FCombo_R1.fastq	f20bc9667579750d61951352c3ab3c68	6631-28-28FCombo_R2.fastq	0e5fdcd3c281b457b27da752cfa1c388	LT028
ERS14277861	PRJEB57401	Illumina MiSeq		METAGENOMIC	PCR	AMPLICON	PAIRED	6631-27-28FCombo_R1.fastq	9061c6f71e3f67a4570fb6fa10bb43c4	6631-27-28FCombo_R2.fastq	2ba8f40a68680659147258513db90cd8	LT027
ERS14277860	PRJEB57401	Illumina MiSeq		METAGENOMIC	PCR	AMPLICON	PAIRED	6631-26-28FCombo_R1.fastq	a6b58513d5e9f69fc065ab5bfdf35d92	6631-26-28FCombo_R2.fastq	c3234c5357278b6245dbd935daec1052	LT026
ERS14277859	PRJEB57401	Illumina MiSeq		METAGENOMIC	PCR	AMPLICON	PAIRED	6631-25-28FCombo_R1.fastq	57d23bcf3b656c1739d965898ac5da1b	6631-25-28FCombo_R2.fastq	58f1f4afa3370e937390b4e1febd23f8	LT025
ERS14277858	PRJEB57401	Illumina MiSeq		METAGENOMIC	PCR	AMPLICON	PAIRED	6631-24-28FCombo_R1.fastq	da44f0de643445253d1fbb46ed96c4b2	6631-24-28FCombo_R2.fastq	0355713a55f56d96caca23816274f40a	LT024
ERS14277857	PRJEB57401	Illumina MiSeq		METAGENOMIC	PCR	AMPLICON	PAIRED	6631-23-28FCombo_R1.fastq	a985155572db760fbeb1ee4b4f8a88d3	6631-23-28FCombo_R2.fastq	d63469ba4bebcb791bad1d9dbcbf804e	LT023
ERS14277856	PRJEB57401	Illumina MiSeq		METAGENOMIC	PCR	AMPLICON	PAIRED	6631-22-28FCombo_R1.fastq	10f0691a142c3d396d67a8df42eb1abb	6631-22-28FCombo_R2.fastq	ad4fc5cf49d9e287679eee964dc8f4c9	LT022
ERS14277855	PRJEB57401	Illumina MiSeq		METAGENOMIC	PCR	AMPLICON	PAIRED	6631-20-28FCombo_R1.fastq	38f01c83dbc0f5c31d3fb4abb1bf2b93	6631-20-28FCombo_R2.fastq	8465b223888c09b1186900e86e6d9770	LT020
ERS14277854	PRJEB57401	Illumina MiSeq		METAGENOMIC	PCR	AMPLICON	PAIRED	6631-2-28FCombo_R1.fastq	6561a5bcfcca74450c725793cf13ad28	6631-2-28FCombo_R2.fastq	534f06b35b754840523bb9ede8e829ee	LT002
ERS14277853	PRJEB57401	Illumina MiSeq		METAGENOMIC	PCR	AMPLICON	PAIRED	6631-19-28FCombo_R1.fastq	0ad0d6848d7dbe865de689f9632bed76	6631-19-28FCombo_R2.fastq	e646f174812cad74134b19b9bc957736	LT019
ERS14277852	PRJEB57401	Illumina MiSeq		METAGENOMIC	PCR	AMPLICON	PAIRED	6631-189-28FCombo_R1.fastq	c56a6537af1c6b8cfa82f58aa7337002	6631-189-28FCombo_R2.fastq	9a30fdd9b8eaec235fd6bebb3a7a27ef	LT189
ERS14277851	PRJEB57401	Illumina MiSeq		METAGENOMIC	PCR	AMPLICON	PAIRED	6631-188-28FCombo_R1.fastq	5648df2daef2bbf580a305cf0a918219	6631-188-28FCombo_R2.fastq	edd2296656015f30079600321868dbbf	LT188
ERS14277850	PRJEB57401	Illumina MiSeq		METAGENOMIC	PCR	AMPLICON	PAIRED	6631-187-28FCombo_R1.fastq	489319c2632cea746bc0c6b048f6232c	6631-187-28FCombo_R2.fastq	b7773cdb40e800264a7a5ef77d8e83fe	LT187
ERS14277849	PRJEB57401	Illumina MiSeq		METAGENOMIC	PCR	AMPLICON	PAIRED	6631-186-28FCombo_R1.fastq	d0af4567145acc62f429fc0a3a72c89f	6631-186-28FCombo_R2.fastq	27b18ffa9349d2d1d9a4213172369619	LT186
ERS14277848	PRJEB57401	Illumina MiSeq		METAGENOMIC	PCR	AMPLICON	PAIRED	6631-185-28FCombo_R1.fastq	e13fc0c3352c42244ae01471a168513f	6631-185-28FCombo_R2.fastq	4f1353306dc28828e7544721fd12160f	LT185
ERS14277847	PRJEB57401	Illumina MiSeq		METAGENOMIC	PCR	AMPLICON	PAIRED	6631-184-28FCombo_R1.fastq	8b251ac3e40246c97dec24024162baad	6631-184-28FCombo_R2.fastq	08331ae56a1dbf02556d859b9b03b9af	LT184
ERS14277846	PRJEB57401	Illumina MiSeq		METAGENOMIC	PCR	AMPLICON	PAIRED	6631-183-28FCombo_R1.fastq	3a481c57aefbddcb212754080a5b5d1a	6631-183-28FCombo_R2.fastq	f93382372546139a560a7d21a76841c5	LT183
ERS14277845	PRJEB57401	Illumina MiSeq		METAGENOMIC	PCR	AMPLICON	PAIRED	6631-182-28FCombo_R1.fastq	05f9d6527dc4b53f25bece83299b55eb	6631-182-28FCombo_R2.fastq	a7cc8af246e79e5033f70f2fc29f9a0e	LT182
ERS14277844	PRJEB57401	Illumina MiSeq		METAGENOMIC	PCR	AMPLICON	PAIRED	6631-181-28FCombo_R1.fastq	b949ea0773c3297c2f6cee943ed5097c	6631-181-28FCombo_R2.fastq	88d0b04aa73bfb1ffb7dcc7fcc6f73e6	LT181
ERS14277843	PRJEB57401	Illumina MiSeq		METAGENOMIC	PCR	AMPLICON	PAIRED	6631-180-28FCombo_R1.fastq	3f4e0488dbbe6b16ce16aad36a2b1877	6631-180-28FCombo_R2.fastq	39956e4f231ac403549d7be476d8a763	LT180
ERS14277842	PRJEB57401	Illumina MiSeq		METAGENOMIC	PCR	AMPLICON	PAIRED	6631-18-28FCombo_R1.fastq	d0253c266a11bbb13e9772a5c6146c29	6631-18-28FCombo_R2.fastq	064e328c5c02208cc545dedfc5869079	LT018
ERS14277841	PRJEB57401	Illumina MiSeq		METAGENOMIC	PCR	AMPLICON	PAIRED	6631-179-28FCombo_R1.fastq	3b5faa67aeae01215192b522fd5eee78	6631-179-28FCombo_R2.fastq	b0dc63a55ab4d4aa4ad03da737f2d79f	LT179
ERS14277840	PRJEB57401	Illumina MiSeq		METAGENOMIC	PCR	AMPLICON	PAIRED	6631-178-28FCombo_R1.fastq	15eecd7f49980f321c6a82f79846d7fe	6631-178-28FCombo_R2.fastq	d19e4fbe90bd00411534713c0ae68144	LT178
ERS14277839	PRJEB57401	Illumina MiSeq		METAGENOMIC	PCR	AMPLICON	PAIRED	6631-177-28FCombo_R1.fastq	ab83e357599a6aef24358b3e9da40fb4	6631-177-28FCombo_R2.fastq	b810be34f78de4b0b9dfe8a2eb20ee07	LT177
ERS14277838	PRJEB57401	Illumina MiSeq		METAGENOMIC	PCR	AMPLICON	PAIRED	6631-176-28FCombo_R1.fastq	ff26b81b27974a3bca793268730a2400	6631-176-28FCombo_R2.fastq	5355c9447c3998610cba5b788276302f	LT176
ERS14277837	PRJEB57401	Illumina MiSeq		METAGENOMIC	PCR	AMPLICON	PAIRED	6631-175-28FCombo_R1.fastq	a10a70f28e179532de855e960d865620	6631-175-28FCombo_R2.fastq	d093e6bc36d8a5d75b91517e33fc1730	LT175
ERS14277836	PRJEB57401	Illumina MiSeq		METAGENOMIC	PCR	AMPLICON	PAIRED	6631-174-28FCombo_R1.fastq	15344c0fce433067124a14077284b0e5	6631-174-28FCombo_R2.fastq	c31ca3d3d08ad333966b0834f814211e	LT174
ERS14277835	PRJEB57401	Illumina MiSeq		METAGENOMIC	PCR	AMPLICON	PAIRED	6631-173-28FCombo_R1.fastq	03fabbedf4a633c3c241babd2d855f99	6631-173-28FCombo_R2.fastq	6552d77957b95e2e9d54bcbd7ac94da3	LT173
ERS14277834	PRJEB57401	Illumina MiSeq		METAGENOMIC	PCR	AMPLICON	PAIRED	6631-172-28FCombo_R1.fastq	9ef6a1413d8d74595ce1b4ed48645f32	6631-172-28FCombo_R2.fastq	caa7d566ea899ee1173382b7ee75973b	LT172
ERS14277833	PRJEB57401	Illumina MiSeq		METAGENOMIC	PCR	AMPLICON	PAIRED	6631-171-28FCombo_R1.fastq	f3b37a6a46fd30c34bd0a21944432d44	6631-171-28FCombo_R2.fastq	e359b25338384532a3836ad39a010013	LT171
ERS14277832	PRJEB57401	Illumina MiSeq		METAGENOMIC	PCR	AMPLICON	PAIRED	6631-170-28FCombo_R1.fastq	debe05fdc2973389ec8e4f7be3545244	6631-170-28FCombo_R2.fastq	2d783f685152a36842548e9e8bb226b8	LT170
ERS14277831	PRJEB57401	Illumina MiSeq		METAGENOMIC	PCR	AMPLICON	PAIRED	6631-17-28FCombo_R1.fastq	78cd18906bd65f593038db914c3e4264	6631-17-28FCombo_R2.fastq	fa0ca80166df4993d931fd78a6b0e89b	LT017
ERS14277830	PRJEB57401	Illumina MiSeq		METAGENOMIC	PCR	AMPLICON	PAIRED	6631-169-28FCombo_R1.fastq	e4291619773dccb8342cb3a42b0ae234	6631-169-28FCombo_R2.fastq	f3179cea18e196a93ead406b0b0c00af	LT169
ERS14277829	PRJEB57401	Illumina MiSeq		METAGENOMIC	PCR	AMPLICON	PAIRED	6631-168-28FCombo_R1.fastq	34dabed0652622afa4ebd16462ebd72a	6631-168-28FCombo_R2.fastq	654c109d719b4fe458375ba8b12aea71	LT168
ERS14277828	PRJEB57401	Illumina MiSeq		METAGENOMIC	PCR	AMPLICON	PAIRED	6631-167-28FCombo_R1.fastq	b8fb825266161031982a64be25b15d2c	6631-167-28FCombo_R2.fastq	bd4cbe674de3ab239780ea650da7f1d2	LT167
ERS14277827	PRJEB57401	Illumina MiSeq		METAGENOMIC	PCR	AMPLICON	PAIRED	6631-166-28FCombo_R1.fastq	7fe836b6fe1281378f5505c47a160426	6631-166-28FCombo_R2.fastq	58b0fb0f6fc6d5379dc3e7718cfb689c	LT166
ERS14277826	PRJEB57401	Illumina MiSeq		METAGENOMIC	PCR	AMPLICON	PAIRED	6631-165-28FCombo_R1.fastq	c5d9fc7ac5d2afde541681392484343d	6631-165-28FCombo_R2.fastq	ac4f66b19d142446feee0e73ffa77c75	LT165
ERS14277825	PRJEB57401	Illumina MiSeq		METAGENOMIC	PCR	AMPLICON	PAIRED	6631-164-28FCombo_R1.fastq	773aea8d31ec4d218e1caf5ad0bcc4c0	6631-164-28FCombo_R2.fastq	4f0ab6e37f6ae7b1a0d1aeab3b7cba1a	LT164
ERS14277824	PRJEB57401	Illumina MiSeq		METAGENOMIC	PCR	AMPLICON	PAIRED	6631-163-28FCombo_R1.fastq	e411317d72729566babbdeea9ba65a98	6631-163-28FCombo_R2.fastq	efd701f41807a30a4542d049a2e6bfb2	LT163
ERS14277823	PRJEB57401	Illumina MiSeq		METAGENOMIC	PCR	AMPLICON	PAIRED	6631-162-28FCombo_R1.fastq	a6cecb23f3254fa9b9db6e49660d63fe	6631-162-28FCombo_R2.fastq	be587b57520cb7a0444a1c9eb4233f61	LT162
ERS14277822	PRJEB57401	Illumina MiSeq		METAGENOMIC	PCR	AMPLICON	PAIRED	6631-161-28FCombo_R1.fastq	0d321af6fe366d24f57e8b0cdadf4743	6631-161-28FCombo_R2.fastq	5e37c5a2461832232fb5f2d64a3fb9da	LT161
ERS14277821	PRJEB57401	Illumina MiSeq		METAGENOMIC	PCR	AMPLICON	PAIRED	6631-160-28FCombo_R1.fastq	b156f78543e5d6ec995fefc78e0ba35c	6631-160-28FCombo_R2.fastq	e856716d53229fba1baecc82d35e3401	LT160
ERS14277820	PRJEB57401	Illumina MiSeq		METAGENOMIC	PCR	AMPLICON	PAIRED	6631-16-28FCombo_R1.fastq	86bfa15294ff313642789b20ce5e82cf	6631-16-28FCombo_R2.fastq	25b64d73e4a34278e2c59e64f2cbf15f	LT016
ERS14277819	PRJEB57401	Illumina MiSeq		METAGENOMIC	PCR	AMPLICON	PAIRED	6631-159-28FCombo_R1.fastq	2259b8227dc5137bc61c5129ead8268a	6631-159-28FCombo_R2.fastq	61cc3c73822d1960b2427c0e95c11aeb	LT159
ERS14277818	PRJEB57401	Illumina MiSeq		METAGENOMIC	PCR	AMPLICON	PAIRED	6631-158-28FCombo_R1.fastq	f9e48b1e48fd0e2f4a47b276ea46c522	6631-158-28FCombo_R2.fastq	875d4b9506d39d1eb91734b09b06fbbe	LT158
ERS14277817	PRJEB57401	Illumina MiSeq		METAGENOMIC	PCR	AMPLICON	PAIRED	6631-157-28FCombo_R1.fastq	725305e00ffa8eab261ec92c309c7d54	6631-157-28FCombo_R2.fastq	2f7893e7bc6d3770c667d7eb8f8fabeb	LT157
ERS14277816	PRJEB57401	Illumina MiSeq		METAGENOMIC	PCR	AMPLICON	PAIRED	6631-156-28FCombo_R1.fastq	3054c2bc288c8fca747a981a76211d50	6631-156-28FCombo_R2.fastq	09adbab8e99ba45c7c9f111986a5e1c3	LT156
ERS14277815	PRJEB57401	Illumina MiSeq		METAGENOMIC	PCR	AMPLICON	PAIRED	6631-155-28FCombo_R1.fastq	75f64b363ab1fb19cd6cfe91e454d463	6631-155-28FCombo_R2.fastq	f4c960e72a6e8f3e086166aba551a391	LT155
ERS14277814	PRJEB57401	Illumina MiSeq		METAGENOMIC	PCR	AMPLICON	PAIRED	6631-154-28FCombo_R1.fastq	039299d9b0eef4fa585d95109eef5415	6631-154-28FCombo_R2.fastq	ecf2d1b8c4d30800c2b3f8ae748cb8e6	LT154
ERS14277813	PRJEB57401	Illumina MiSeq		METAGENOMIC	PCR	AMPLICON	PAIRED	6631-153-28FCombo_R1.fastq	adc5fa04b300acf537b77c208bbcd21c	6631-153-28FCombo_R2.fastq	3b1643fe6046ea6732f53e3d82d8cfd5	LT153
ERS14277812	PRJEB57401	Illumina MiSeq		METAGENOMIC	PCR	AMPLICON	PAIRED	6631-152-28FCombo_R1.fastq	300fecb80c2bd810dccae4f32ceeead5	6631-152-28FCombo_R2.fastq	8d46f70d98e1f59916f1da309770ff26	LT152
ERS14277811	PRJEB57401	Illumina MiSeq		METAGENOMIC	PCR	AMPLICON	PAIRED	6631-151-28FCombo_R1.fastq	d90cc5e2e14ea8339a089f19f50f317f	6631-151-28FCombo_R2.fastq	eb72508d05de191361e09702a8c8b854	LT151
ERS14277810	PRJEB57401	Illumina MiSeq		METAGENOMIC	PCR	AMPLICON	PAIRED	6631-150-28FCombo_R1.fastq	2f13314956a1bc5735e4f241d4b4ab8e	6631-150-28FCombo_R2.fastq	101bf602003d3862c928d6113697a9cd	LT150
ERS14277809	PRJEB57401	Illumina MiSeq		METAGENOMIC	PCR	AMPLICON	PAIRED	6631-15-28FCombo_R1.fastq	e90249162fc3a39ae88b3ff605e57c26	6631-15-28FCombo_R2.fastq	57a35bc573e7dfef7a2e09043d476b5b	LT015
ERS14277808	PRJEB57401	Illumina MiSeq		METAGENOMIC	PCR	AMPLICON	PAIRED	6631-149-28FCombo_R1.fastq	c4174dd65f7e1fc09f5ae2ebf1fc013f	6631-149-28FCombo_R2.fastq	a94a5a876ad2dbd5d236e7cc638ad0c6	LT149
ERS14277807	PRJEB57401	Illumina MiSeq		METAGENOMIC	PCR	AMPLICON	PAIRED	6631-148-28FCombo_R1.fastq	8d56e38440f88fca452e3d31e031f3aa	6631-148-28FCombo_R2.fastq	1adae1fb3429ddfa302eecbba6aaeb28	LT148
ERS14277806	PRJEB57401	Illumina MiSeq		METAGENOMIC	PCR	AMPLICON	PAIRED	6631-147-28FCombo_R1.fastq	2157e70c1240b5dac9e4e0310f82cd44	6631-147-28FCombo_R2.fastq	7d025df981b0515f16765ae261a32191	LT147
ERS14277805	PRJEB57401	Illumina MiSeq		METAGENOMIC	PCR	AMPLICON	PAIRED	6631-146-28FCombo_R1.fastq	7e0d57a996b1e829341a0c357e1596bf	6631-146-28FCombo_R2.fastq	689ca2abddb2ed973719200902fea188	LT146
ERS14277804	PRJEB57401	Illumina MiSeq		METAGENOMIC	PCR	AMPLICON	PAIRED	6631-145-28FCombo_R1.fastq	69a6da54be2a8aa814b78b5fe7863ea5	6631-145-28FCombo_R2.fastq	db2b8c80fbb21903d6739b8c6bbb2e8c	LT145
ERS14277803	PRJEB57401	Illumina MiSeq		METAGENOMIC	PCR	AMPLICON	PAIRED	6631-144-28FCombo_R1.fastq	6d6461972c067199184767bc92c91a72	6631-144-28FCombo_R2.fastq	6fb140d4610671ed5e67d495753f5f86	LT144
ERS14277802	PRJEB57401	Illumina MiSeq		METAGENOMIC	PCR	AMPLICON	PAIRED	6631-143-28FCombo_R1.fastq	44ad7065b02a999a36b7ae60e41ad90d	6631-143-28FCombo_R2.fastq	67e58d86ac9e8f0449434767c899eb02	LT143
ERS14277801	PRJEB57401	Illumina MiSeq		METAGENOMIC	PCR	AMPLICON	PAIRED	6631-142-28FCombo_R1.fastq	ac8be3af0d89703139a4f7da45d1f4d8	6631-142-28FCombo_R2.fastq	96f4e73cfe8e9f9eb97c69586275781e	LT142
ERS14277800	PRJEB57401	Illumina MiSeq		METAGENOMIC	PCR	AMPLICON	PAIRED	6631-141-28FCombo_R1.fastq	6f659c62bbccc150a57c0a387d602a2e	6631-141-28FCombo_R2.fastq	be976e3b72a74744d2006412a7e3f7b0	LT141
ERS14277799	PRJEB57401	Illumina MiSeq		METAGENOMIC	PCR	AMPLICON	PAIRED	6631-14-28FCombo_R1.fastq	1f8ee8bfa099587b9035722bfdb0954f	6631-14-28FCombo_R2.fastq	e273d59ec95240d1ef285d3b018ac69d	LT014
ERS14277798	PRJEB57401	Illumina MiSeq		METAGENOMIC	PCR	AMPLICON	PAIRED	6631-139-28FCombo_R1.fastq	040c85891e14817d922e94a3f57fe7ce	6631-139-28FCombo_R2.fastq	0a8073ae155071daddffa08fc9e98ae0	LT139
ERS14277797	PRJEB57401	Illumina MiSeq		METAGENOMIC	PCR	AMPLICON	PAIRED	6631-138-28FCombo_R1.fastq	1648fe35e8ac28369f8ba1e28050c3f3	6631-138-28FCombo_R2.fastq	09633e485aa48cf3f3bd159bae4e045d	LT138
ERS14277796	PRJEB57401	Illumina MiSeq		METAGENOMIC	PCR	AMPLICON	PAIRED	6631-137-28FCombo_R1.fastq	6593da7041f6909c453a9ede1b74f3ac	6631-137-28FCombo_R2.fastq	6ea8d8e38f4de12d3e5e6701acd41469	LT137
ERS14277795	PRJEB57401	Illumina MiSeq		METAGENOMIC	PCR	AMPLICON	PAIRED	6631-136-28FCombo_R1.fastq	c68f8422b16028ee70221efaa53d3c7d	6631-136-28FCombo_R2.fastq	8e72e76ac6afc25d03927283fdc5462d	LT136
ERS14277794	PRJEB57401	Illumina MiSeq		METAGENOMIC	PCR	AMPLICON	PAIRED	6631-135-28FCombo_R1.fastq	bb67dd4d12cc1fdd2792a9d374405da9	6631-135-28FCombo_R2.fastq	8c5dc0c131a6218416a236d6f1ff8ae4	LT135
ERS14277793	PRJEB57401	Illumina MiSeq		METAGENOMIC	PCR	AMPLICON	PAIRED	6631-134-28FCombo_R1.fastq	d37742d44448391bb2dafe5290d20f46	6631-134-28FCombo_R2.fastq	d15fa4f12e440a51ae1bd2cdd9b223ac	LT134
ERS14277792	PRJEB57401	Illumina MiSeq		METAGENOMIC	PCR	AMPLICON	PAIRED	6631-133-28FCombo_R1.fastq	b7316fd0e4b4cc37359a6fbf8cc87708	6631-133-28FCombo_R2.fastq	375def4807a44afefc0dd5893a344d89	LT133
ERS14277791	PRJEB57401	Illumina MiSeq		METAGENOMIC	PCR	AMPLICON	PAIRED	6631-132-28FCombo_R1.fastq	5064847b503f86a1081a685b9ca0d267	6631-132-28FCombo_R2.fastq	07cc1cabffcf311acebc20f7b9238c39	LT132
ERS14277790	PRJEB57401	Illumina MiSeq		METAGENOMIC	PCR	AMPLICON	PAIRED	6631-131-28FCombo_R1.fastq	ce063bb9e078c800be78fb93d380dc96	6631-131-28FCombo_R2.fastq	8e54af7be261d9680ea137214391e26c	LT131
ERS14277789	PRJEB57401	Illumina MiSeq		METAGENOMIC	PCR	AMPLICON	PAIRED	6631-130-28FCombo_R1.fastq	888bb699aafa240980dc9995c897d84a	6631-130-28FCombo_R2.fastq	df89982672b817b5cc0a4cca219a68aa	LT130
ERS14277788	PRJEB57401	Illumina MiSeq		METAGENOMIC	PCR	AMPLICON	PAIRED	6631-13-28FCombo_R1.fastq	c73a913ab2eac7bd9850d3b5e1cc45ec	6631-13-28FCombo_R2.fastq	63d9783bef5b591394fb994b84de9fce	LT013
ERS14277787	PRJEB57401	Illumina MiSeq		METAGENOMIC	PCR	AMPLICON	PAIRED	6631-129-28FCombo_R1.fastq	5e3b1f25929b4518af273b29cb3fb867	6631-129-28FCombo_R2.fastq	a0a1fb8e4b3937ee3d7e4841de804ddd	LT129
ERS14277786	PRJEB57401	Illumina MiSeq		METAGENOMIC	PCR	AMPLICON	PAIRED	6631-128-28FCombo_R1.fastq	89238656697d168782cd2ae7d1042b6b	6631-128-28FCombo_R2.fastq	cd63f275cdab089fa062c17ae9e49d40	LT128
ERS14277785	PRJEB57401	Illumina MiSeq		METAGENOMIC	PCR	AMPLICON	PAIRED	6631-127-28FCombo_R1.fastq	7c151b397acf55ecac6153d1bf72337b	6631-127-28FCombo_R2.fastq	4a7a1172571a768ea927364c0b178036	LT127
ERS14277784	PRJEB57401	Illumina MiSeq		METAGENOMIC	PCR	AMPLICON	PAIRED	6631-126-28FCombo_R1.fastq	519c8ad0efe362494727b2365db6bcbf	6631-126-28FCombo_R2.fastq	c4528621e7e596ed75aaba873c20dca3	LT126
ERS14277783	PRJEB57401	Illumina MiSeq		METAGENOMIC	PCR	AMPLICON	PAIRED	6631-125-28FCombo_R1.fastq	542ddc2c28e5fb91f2a7b5b19f3e509d	6631-125-28FCombo_R2.fastq	30e16812d71b1d3682ca4d311b2fbe14	LT125
ERS14277782	PRJEB57401	Illumina MiSeq		METAGENOMIC	PCR	AMPLICON	PAIRED	6631-124-28FCombo_R1.fastq	ad2bea2f1b86b2d038399babf14f8535	6631-124-28FCombo_R2.fastq	cf46b46fe8cd041fa7c8372203e29e3b	LT124
ERS14277781	PRJEB57401	Illumina MiSeq		METAGENOMIC	PCR	AMPLICON	PAIRED	6631-123-28FCombo_R1.fastq	5cc49dc37d379f4dc030c400c9bdd2df	6631-123-28FCombo_R2.fastq	35eda5440fcf68a6c4c1b2bf72795794	LT123
ERS14277780	PRJEB57401	Illumina MiSeq		METAGENOMIC	PCR	AMPLICON	PAIRED	6631-122-28FCombo_R1.fastq	adef73d5704313ef5ff341d9483350fb	6631-122-28FCombo_R2.fastq	e57b9af787556684239f0ee6eced1c04	LT122
ERS14277779	PRJEB57401	Illumina MiSeq		METAGENOMIC	PCR	AMPLICON	PAIRED	6631-121-28FCombo_R1.fastq	d1389035cab1cf36a4657e860351b15e	6631-121-28FCombo_R2.fastq	c95653dd0b2a5aaf6035a38e6f085f1b	LT121
ERS14277778	PRJEB57401	Illumina MiSeq		METAGENOMIC	PCR	AMPLICON	PAIRED	6631-120-28FCombo_R1.fastq	0a79b1e5af007ba2a3d556baee6c9cf1	6631-120-28FCombo_R2.fastq	5b80f5bd3f65771e547f8d4ad93afab8	LT120
ERS14277777	PRJEB57401	Illumina MiSeq		METAGENOMIC	PCR	AMPLICON	PAIRED	6631-12-28FCombo_R1.fastq	182445b755d3433cc066e3ecc6084302	6631-12-28FCombo_R2.fastq	028652994b08fffe9ce94868d49d99bb	LT012
ERS14277776	PRJEB57401	Illumina MiSeq		METAGENOMIC	PCR	AMPLICON	PAIRED	6631-119-28FCombo_R1.fastq	0a93281c34c5f8c319af510f4edeee72	6631-119-28FCombo_R2.fastq	24666d9dd6face52e48ef74a3e1baf3e	LT119
ERS14277775	PRJEB57401	Illumina MiSeq		METAGENOMIC	PCR	AMPLICON	PAIRED	6631-118-28FCombo_R1.fastq	145dc3807fc3c668492ed7e4e85910c4	6631-118-28FCombo_R2.fastq	2be46fba7d949925b3e7beffc3ef064a	LT118
ERS14277774	PRJEB57401	Illumina MiSeq		METAGENOMIC	PCR	AMPLICON	PAIRED	6631-117-28FCombo_R1.fastq	e7b87b2cd71e2de7782ad9ad81088cdb	6631-117-28FCombo_R2.fastq	a04636bbb91a2b2467872aa643961fd8	LT117
ERS14277773	PRJEB57401	Illumina MiSeq		METAGENOMIC	PCR	AMPLICON	PAIRED	6631-116-28FCombo_R1.fastq	97af6355ed02347f773ec41baba0c854	6631-116-28FCombo_R2.fastq	a89eed3ee4ed95f584e844da0145bdf0	LT116
ERS14277772	PRJEB57401	Illumina MiSeq		METAGENOMIC	PCR	AMPLICON	PAIRED	6631-115-28FCombo_R1.fastq	8e0045d9cfe8a01c2f44e3d17f68db88	6631-115-28FCombo_R2.fastq	9b76966290f86b7756578c5fc2cd4621	LT115
ERS14277771	PRJEB57401	Illumina MiSeq		METAGENOMIC	PCR	AMPLICON	PAIRED	6631-114-28FCombo_R1.fastq	cf6f5495d07c8afea351f3d9cfd16586	6631-114-28FCombo_R2.fastq	a40074450f43ccef4310e34a3c11917f	LT114
ERS14277770	PRJEB57401	Illumina MiSeq		METAGENOMIC	PCR	AMPLICON	PAIRED	6631-113-28FCombo_R1.fastq	4a324ee7ed0e1fa9326416909beaab3e	6631-113-28FCombo_R2.fastq	e21fb72212842659a080865e803215a9	LT113
ERS14277769	PRJEB57401	Illumina MiSeq		METAGENOMIC	PCR	AMPLICON	PAIRED	6631-112-28FCombo_R1.fastq	f990752e1ab3d36ce4915b37d7370ff0	6631-112-28FCombo_R2.fastq	8591b6d37296eed9c4a37b12aa100f62	LT112
ERS14277768	PRJEB57401	Illumina MiSeq		METAGENOMIC	PCR	AMPLICON	PAIRED	6631-111-28FCombo_R1.fastq	0688561359bed59b41b6fa7ebea08020	6631-111-28FCombo_R2.fastq	7f4b39ec6dc4242067718d208c9ac634	LT111
ERS14277767	PRJEB57401	Illumina MiSeq		METAGENOMIC	PCR	AMPLICON	PAIRED	6631-110-28FCombo_R1.fastq	0e2284274b44c04195b5285874bac0b5	6631-110-28FCombo_R2.fastq	e926356fac39ae00602841e453f1bab4	LT110
ERS14277766	PRJEB57401	Illumina MiSeq		METAGENOMIC	PCR	AMPLICON	PAIRED	6631-11-28FCombo_R1.fastq	6a45efa376b2a0a7a85f4b97db626cc1	6631-11-28FCombo_R2.fastq	ec8a6df7d233be4dd38911e5c9ef1ea9	LT011
ERS14277765	PRJEB57401	Illumina MiSeq		METAGENOMIC	PCR	AMPLICON	PAIRED	6631-109-28FCombo_R1.fastq	a71ba1adad7442dbe55e0b5cd865989d	6631-109-28FCombo_R2.fastq	48b2338a5388cebaeef99dc779878909	LT109
ERS14277764	PRJEB57401	Illumina MiSeq		METAGENOMIC	PCR	AMPLICON	PAIRED	6631-108-28FCombo_R1.fastq	4d757d81b1fa00fd641ffeb6a019c6b5	6631-108-28FCombo_R2.fastq	669ae147e8bfbcfa3b33cc42f7502d4d	LT108
ERS14277763	PRJEB57401	Illumina MiSeq		METAGENOMIC	PCR	AMPLICON	PAIRED	6631-107-28FCombo_R1.fastq	6f5cf449ef559a51a00cf5b66d88c68b	6631-107-28FCombo_R2.fastq	3a63ede13a9320f3f79a5ff7e3f3a167	LT107
ERS14277762	PRJEB57401	Illumina MiSeq		METAGENOMIC	PCR	AMPLICON	PAIRED	6631-106-28FCombo_R1.fastq	fcb1e6599a1d3531f51bcae39f6e0f26	6631-106-28FCombo_R2.fastq	385c9ffd8fa04123b835fe3551207635	LT106
ERS14277761	PRJEB57401	Illumina MiSeq		METAGENOMIC	PCR	AMPLICON	PAIRED	6631-105-28FCombo_R1.fastq	89e4f327cb801259d47e7baaec04f039	6631-105-28FCombo_R2.fastq	4ccd5774637bc4bcf7716b55b69dcc70	LT105
ERS14277760	PRJEB57401	Illumina MiSeq		METAGENOMIC	PCR	AMPLICON	PAIRED	6631-104-28FCombo_R1.fastq	8edbf60d3f7aec8279a400526904d4d0	6631-104-28FCombo_R2.fastq	dc18eeadb024c2176034dc96bb004a9f	LT104
ERS14277759	PRJEB57401	Illumina MiSeq		METAGENOMIC	PCR	AMPLICON	PAIRED	6631-103-28FCombo_R1.fastq	8e5d40e336f7876db3c8e69d68902826	6631-103-28FCombo_R2.fastq	fff91eec04b55ea9a7249ef8fcf7f61a	LT103
ERS14277758	PRJEB57401	Illumina MiSeq		METAGENOMIC	PCR	AMPLICON	PAIRED	6631-102-28FCombo_R1.fastq	5a49b80f672eaafa368f492bf6b57918	6631-102-28FCombo_R2.fastq	c935e9c85a71393c032e04538b03dac0	LT102
ERS14277757	PRJEB57401	Illumina MiSeq		METAGENOMIC	PCR	AMPLICON	PAIRED	6631-101-28FCombo_R1.fastq	711a7e71400d55673168c00ef88d1135	6631-101-28FCombo_R2.fastq	a476099d405f3ff373b1cd14fc3a4aee	LT101
ERS14277756	PRJEB57401	Illumina MiSeq		METAGENOMIC	PCR	AMPLICON	PAIRED	6631-100-28FCombo_R1.fastq	1955382085590c9c1b47a8fb98f31d35	6631-100-28FCombo_R2.fastq	10cefa8314e8dce0b0b0fc5573b29786	LT100
ERS14277755	PRJEB57401	Illumina MiSeq		METAGENOMIC	PCR	AMPLICON	PAIRED	6631-10-28FCombo_R1.fastq	f06b2203a8643d5276ba50772d835616	6631-10-28FCombo_R2.fastq	429f6451512df801091c9c1b7f0f0edf	LT010
ERS14277754	PRJEB57401	Illumina MiSeq		METAGENOMIC	PCR	AMPLICON	PAIRED	6631-1-28FCombo_R1.fastq	8920013aa3e27deb8a61ca534558c3be	6631-1-28FCombo_R2.fastq	1bfcfadb3c28d733873c16852d5d413f	LT001
